defense_name,defense_leader,combat_type,defense_units,chosen_counter_leader,chosen_counter_units,win_percent,seen,avg_banners,score,status,reason
Rey,GLREY,characters,"['GLREY', 'REYJEDITRAINING', 'BENSOLO', 'DASHRENDAR', '50RT']",GLLEIA,"['GLLEIA', 'ADMIRALRADDUS', 'CAPTAINDROGAN', 'JYNERSO', 'R2D2_LEGENDARY']",99.0,153,60.73,105.511,assigned,reliable counter found
Jabba the Hutt,JABBATHEHUTT,characters,"['JABBATHEHUTT', 'EMBO', 'KRRSANTAN', 'BOUSHH', 'UNDERCOVERLANDO']",SUPREMELEADERKYLOREN,"['SUPREMELEADERKYLOREN', 'DARKREY', 'FOSITHTROOPER', 'GENERALHUX', 'KYLORENUNMASKED']",98.0,1452,61.9,106.186,assigned,reliable counter found
Queen Amidala,QUEENAMIDALA,characters,"['QUEENAMIDALA', 'GRANDMASTERYODA', 'MASTERQUIGON', 'PADAWANOBIWAN', 'SHAAKTI']",DARTHBANE,"['DARTHBANE', 'MAUL']",100.0,60,65.05,106.095,assigned,reliable counter found
Darth Malgus,DARTHMALGUS,characters,"['DARTHMALGUS', 'BASTILASHANDARK', 'DARTHREVAN', 'DARTHMALAK', 'SITHMARAUDER']",JEDIMASTERKENOBI,"['JEDIMASTERKENOBI', 'AHSOKATANO', 'COMMANDERAHSOKA', 'GENERALKENOBI', 'GENERALSKYWALKER']",100.0,28,63.96,105.855,assigned,reliable counter found; note: missing support unit GENERALSKYWALKER
Admiral Raddus,ADMIRALRADDUS,characters,"['ADMIRALRADDUS', 'CASSIANANDOR', 'JYNERSO', 'BISTAN', 'K2SO']",MANDALORBOKATAN,"['MANDALORBOKATAN', 'BOKATAN', 'IG12', 'PAZVIZSLA', 'THEMANDALORIANBESKARARMOR']",100.0,220,62.82,107.092,assigned,reliable counter found
Qui-Gon Jinn,QUIGONJINN,characters,"['QUIGONJINN', 'KIADIMUNDI', 'ANAKINKNIGHT', 'KELLERANBEQ', 'MACEWINDU']",GRANDMASTERLUKE,"['GRANDMASTERLUKE', 'JEDIKNIGHTCAL', 'JEDIKNIGHTLUKE']",100.0,42,66.05,106.524,assigned,reliable counter found
Finn,FINN,characters,"['FINN', 'EPIXPOE', 'EPIXFINN', 'ROSETICO', 'ZORIIBLISS_V2']",QUEENAMIDALA,"['QUEENAMIDALA', 'MASTERQUIGON', 'PADAWANOBIWAN']",100.0,46,66.93,106.387,assigned,reliable counter found
Leviathan,CAPITALLEVIATHAN,ships,"['CAPITALLEVIATHAN', 'SITHBOMBER', 'FURYCLASSINTERCEPTOR', 'TIEDAGGER', 'SITHINFILTRATOR', 'SITHFIGHTER']",CAPITALEXECUTOR,"['CAPITALEXECUTOR', 'PUNISHINGONE', 'RAZORCREST', 'XANADUBLOOD', 'SITHSUPREMACYCLASS', 'SLAVE1']",93.0,60,64.02,99.282,assigned,reliable counter found
Finalizer,CAPITALFINALIZER,ships,"['CAPITALFINALIZER', 'COMMANDSHUTTLE', 'TIESILENCER', 'FIRSTORDERTIEECHELON', 'TIEFIGHTERFOSF', 'TIEFIGHTERFIRSTORDER', 'EBONHAWK']",CAPITALMALEVOLENCE,"['CAPITALMALEVOLENCE', 'GEONOSIANSTARFIGHTER1', 'HYENABOMBER', 'VULTUREDROID', 'EBONHAWK', 'GEONOSIANSTARFIGHTER2', 'GEONOSIANSTARFIGHTER3']",100.0,136,68.65,106.821,assigned,reliable counter found
