combat_type,gac_format,leader,team_units,unit_count,times_seen,total_counter_seen,avg_counter_win_percent,source_notes
ships,5v5,CAPITALFINALIZER,"['CAPITALFINALIZER', 'COMMANDSHUTTLE', 'FIRSTORDERTIEECHELON', 'TIEFIGHTERFIRSTORDER', 'TIEFIGHTERFOSF', 'TIESILENCER']",6,1332,160668.0,97.711,counter_results.csv
characters,5v5,DARTHTRAYA,"['DARTHTRAYA', 'DARTHNIHILUS', 'DARTHSION', 'DARTHTALON', 'SAVAGEOPRESS']",5,920,36248.0,95.425,counter_results.csv
characters,5v5,SUPREMELEADERKYLOREN,"['SUPREMELEADERKYLOREN', 'DARKREY', 'FOSITHTROOPER', 'GENERALHUX', 'KYLORENUNMASKED']",5,552,26473.0,73.667,counter_results.csv
characters,5v5,GREATMOTHERS,"['GREATMOTHERS', 'DEATHTROOPERPERIDEA', 'MORGANELSBETH', 'NIGHTSISTERSPIRIT', 'NIGHTTROOPER']",5,503,95448.0,97.1,"counter_results.csv, defense_teams.csv"
characters,5v5,GRANDMOFFTARKIN,"['GRANDMOFFTARKIN', 'APPO', 'DISGUISEDCLONETROOPER', 'OPERATIVE', 'SCORCH']",5,389,5344.0,100.0,counter_results.csv
ships,5v5,CAPITALSTARDESTROYER,"['CAPITALSTARDESTROYER', 'EMPERORSSHUTTLE', 'GAUNTLETSTARFIGHTER', 'SCYTHE', 'TIEBOMBERIMPERIAL', 'TIEDEFENDER']",6,363,45048.0,96.933,"counter_results.csv, defense_teams.csv"
characters,5v5,JABBATHEHUTT,"['JABBATHEHUTT', 'BOUSHH', 'EMBO', 'KRRSANTAN', 'UNDERCOVERLANDO']",5,360,207620.0,90.375,"counter_results.csv, defense_teams.csv"
characters,5v5,QUIGONJINN,"['QUIGONJINN', 'ANAKINKNIGHT', 'KIADIMUNDI', 'KITFISTO', 'LUMINARAUNDULI']",5,346,36100.0,85.0,counter_results.csv
characters,5v5,PHASMA,"['PHASMA', 'FIRSTORDEREXECUTIONER', 'FIRSTORDERTIEPILOT', 'FIRSTORDERTROOPER', 'KYLOREN']",5,322,2530.0,100.0,counter_results.csv
ships,5v5,CAPITALSTARDESTROYER,"['CAPITALSTARDESTROYER', 'SCYTHE', 'TIEADVANCED', 'TIEDEFENDER', 'TIEFIGHTERIMPERIAL', 'TIEINTERCEPTOR']",6,312,22320.0,97.0,counter_results.csv
characters,5v5,FINN,"['FINN', 'EPIXFINN', 'EPIXPOE', 'ROSETICO', 'ZORIIBLISS_V2']",5,305,35716.0,97.369,"counter_results.csv, defense_teams.csv"
characters,5v5,MAJORPARTAGAZ,"['MAJORPARTAGAZ', 'DEDRAMEERO', 'DIRECTORKRENNIC', 'IMPERIALPROBEDROID', 'KXSECURITYDROID']",5,253,34375.0,88.055,"counter_results.csv, defense_teams.csv"
characters,5v5,ADMIRALRADDUS,"['ADMIRALRADDUS', 'BISTAN', 'CASSIANANDOR', 'JYNERSO', 'K2SO']",5,226,14720.0,98.941,"counter_results.csv, defense_teams.csv"
characters,5v5,QUEENAMIDALA,"['QUEENAMIDALA', 'GRANDMASTERYODA', 'MASTERQUIGON', 'PADAWANOBIWAN', 'SHAAKTI']",5,225,67943.0,85.703,"counter_results.csv, defense_teams.csv"
characters,5v5,VEERS,"['VEERS', 'ADMIRALPIETT', 'DARKTROOPER', 'MOFFGIDEONS1', 'RANGETROOPER']",5,184,322.0,100.0,counter_results.csv
characters,5v5,GLLEIA,"['GLLEIA', 'ADMIRALRADDUS', 'CAPTAINDROGAN', 'JYNERSO', 'R2D2_LEGENDARY']",5,101,22219.0,83.818,counter_results.csv
ships,5v5,CAPITALMONCALAMARICRUISER,"['CAPITALMONCALAMARICRUISER', 'BWINGREBEL', 'RAVENSCLAW', 'UWINGROGUEONE', 'UWINGSCARIF', 'XWINGRED2', 'XWINGRED3']",7,99,58467.0,90.0,counter_results.csv
characters,5v5,JEDIMASTERMACEWINDU,"['JEDIMASTERMACEWINDU', 'DEPABILLABA', 'VANGUARDTEMPLEGUARD']",3,62,48422.0,93.839,counter_results.csv
characters,5v5,HOTHLEIA,"['HOTHLEIA', 'ADMINISTRATORLANDO', 'BIGGSDARKLIGHTER', 'HOTHHAN', 'WEDGEANTILLES']",5,61,135.0,100.0,counter_results.csv
characters,5v5,GEONOSIANBROODALPHA,"['GEONOSIANBROODALPHA', 'GEONOSIANSOLDIER', 'GEONOSIANSPY', 'POGGLETHELESSER', 'SUNFAC']",5,57,4414.0,99.92,"counter_results.csv, defense_teams.csv"
characters,5v5,BOSSNASS,"['BOSSNASS', 'BOOMADIER', 'CAPTAINTARPALS', 'GUNGANPHALANX', 'JARJARBINKS']",5,54,26184.0,91.02,"counter_results.csv, defense_teams.csv"
characters,5v5,GENERALSKYWALKER,"['GENERALSKYWALKER', 'ARCTROOPER501ST', 'CT210408', 'CT5555', 'CT7567']",5,51,5994.0,95.245,"counter_results.csv, defense_teams.csv"
characters,5v5,CC2224,"['CC2224', 'CAPTAINREX', 'KIX']",3,50,28583.0,64.76,counter_results.csv
characters,5v5,LORDVADER,"['LORDVADER', 'APPO', 'DISGUISEDCLONETROOPER', 'OPERATIVE', 'SCORCH']",5,48,53268.0,68.756,"counter_results.csv, defense_teams.csv"
characters,5v5,BADBATCHHUNTER,"['BADBATCHHUNTER', 'BADBATCHECHO', 'BADBATCHOMEGA', 'BADBATCHTECH', 'BADBATCHWRECKER']",5,44,516.0,100.0,"counter_results.csv, defense_teams.csv"
ships,5v5,CAPITALEXECUTOR,"['CAPITALEXECUTOR', 'HOUNDSTOOTH', 'IG2000', 'PUNISHINGONE', 'RAZORCREST', 'SLAVE1', 'XANADUBLOOD']",7,38,30106.0,92.543,"counter_results.csv, defense_teams.csv"
characters,5v5,DARTHMALGUS,"['DARTHMALGUS', 'BASTILASHANDARK', 'DARTHMALAK', 'DARTHREVAN', 'SITHMARAUDER']",5,35,15246.0,94.697,"counter_results.csv, defense_teams.csv"
characters,5v5,JEDIMASTERKENOBI,"['JEDIMASTERKENOBI', 'AHSOKATANO', 'COMMANDERAHSOKA', 'GENERALKENOBI', 'PADMEAMIDALA']",5,35,5145.0,89.29,"counter_results.csv, defense_teams.csv"
characters,5v5,BAYLANSKOLL,"['BAYLANSKOLL', 'MARROK', 'SHINHATI']",3,34,57567.0,70.529,counter_results.csv
characters,5v5,GLHONDO,"['GLHONDO', 'CAPTAINSILVO', 'VANE']",3,33,65055.0,56.182,counter_results.csv
characters,5v5,THIRDSISTER,"['THIRDSISTER', 'GRANDINQUISITOR', 'SEVENTHSISTER']",3,33,39861.0,86.758,counter_results.csv
characters,5v5,EMPERORPALPATINE,"['EMPERORPALPATINE', 'MARAJADE', 'VADERDUELSEND']",3,32,34795.0,86.594,counter_results.csv
characters,5v5,CASSIANUNDERCOVER,"['CASSIANUNDERCOVER', 'CINTA', 'VEL']",3,32,17572.0,91.281,counter_results.csv
characters,5v5,HOTHLEIA,"['HOTHLEIA', 'HOTHHAN', 'PRINCESSLEIA', 'STORMTROOPERHAN', 'STORMTROOPERLUKE']",5,32,45.0,100.0,counter_results.csv
characters,5v5,GLAHSOKATANO,"['GLAHSOKATANO', 'EZRAEXILE', 'GENERALSYNDULLA', 'HUYANG', 'PADAWANSABINE']",5,31,16968.0,63.036,"counter_results.csv, defense_teams.csv"
characters,5v5,AURRA_SING,"['AURRA_SING', 'BOSSK', 'GREEFKARGA', 'THEMANDALORIAN', 'ZAMWESELL']",5,30,85.0,100.0,counter_results.csv
characters,5v5,GRIEVOUS,"['GRIEVOUS', 'B1BATTLEDROIDV2', 'B2SUPERBATTLEDROID', 'DROIDEKA', 'MAGNAGUARD']",5,29,5073.0,96.591,"counter_results.csv, defense_teams.csv"
characters,5v5,OMEGAS3,"['OMEGAS3', 'CROSSHAIRS3', 'WRECKERS3']",3,24,3221.0,99.583,counter_results.csv
characters,5v5,GRANDINQUISITOR,"['GRANDINQUISITOR', 'EIGHTHBROTHER', 'FIFTHBROTHER', 'NINTHSISTER', 'SEVENTHSISTER']",5,24,1165.0,97.208,counter_results.csv
characters,5v5,VEERS,"['VEERS', 'ADMIRALPIETT', 'COLONELSTARCK', 'GRANDMOFFTARKIN', 'TIEFIGHTERPILOT']",5,23,69.0,100.0,counter_results.csv
characters,5v5,DARTHREVAN,"['DARTHREVAN', 'GENERALSKYWALKER', 'MAULHATEFUELED', 'REYJEDITRAINING', 'STARKILLER']",5,23,46.0,100.0,counter_results.csv
characters,5v5,DARTHREVAN,"['DARTHREVAN', 'HK47', 'MISSIONVAO', 'SITHTROOPER', 'ZAALBAR']",5,23,23.0,100.0,counter_results.csv
characters,5v5,STRANGER,"['STRANGER', 'MAULHATEFUELED', 'STARKILLER']",3,22,28491.0,48.364,counter_results.csv
ships,5v5,CAPITALCHIMAERA,"['CAPITALCHIMAERA', 'EMPERORSSHUTTLE', 'SCYTHE', 'TIEADVANCED', 'TIEBOMBERIMPERIAL', 'TIEDEFENDER', 'TIEFIGHTERIMPERIAL', 'TIEINTERCEPTOR']",8,22,939.0,90.773,counter_results.csv
characters,5v5,TRENCH,"['TRENCH', 'COUNTDOOKU', 'JANGOFETT', 'NUTEGUNRAY', 'WATTAMBOR']",5,21,2611.0,98.952,counter_results.csv
characters,5v5,DARTHREVAN,"['DARTHREVAN', 'BASTILASHANDARK', 'DARTHMALAK', 'DARTHMALGUS', 'SITHMARAUDER']",5,20,163.0,100.0,counter_results.csv
ships,5v5,CAPITALLEVIATHAN,"['CAPITALLEVIATHAN', 'FURYCLASSINTERCEPTOR', 'SITHBOMBER', 'SITHFIGHTER', 'SITHINFILTRATOR', 'SITHSUPREMACYCLASS', 'TIEDAGGER']",7,19,9680.0,89.933,"counter_results.csv, defense_teams.csv"
characters,5v5,HERASYNDULLAS3,"['HERASYNDULLAS3', 'CAPTAINREX', 'CHOPPERS3', 'KANANJARRUSS3', 'SABINEWRENS3']",5,18,1656.0,97.222,"counter_results.csv, defense_teams.csv"
characters,5v5,GREATMOTHERS,"['GREATMOTHERS', 'MERRIN', 'MORGANELSBETH']",3,17,6283.0,96.294,counter_results.csv
characters,5v5,JANGOFETT,"['JANGOFETT', '4LOM', 'ASAJJDARKDISCIPLE', 'GREEFKARGA', 'THEMANDALORIAN']",5,17,448.0,57.059,counter_results.csv
characters,5v5,GLREY,"['GLREY', '50RT', 'BENSOLO', 'CALKESTIS', 'GENERALKENOBI']",5,16,9938.0,76.75,"counter_results.csv, defense_teams.csv"
characters,5v5,GRANDMASTERLUKE,"['GRANDMASTERLUKE', 'GRANDMASTERYODA', 'HERMITYODA', 'JEDIKNIGHTCAL', 'JEDIKNIGHTLUKE']",5,16,1157.0,96.188,counter_results.csv
characters,5v5,BOSSK,"['BOSSK', 'BOBAFETT', 'ZAMWESELL']",3,16,456.0,100.0,counter_results.csv
ships,5v5,CAPITALNEGOTIATOR,"['CAPITALNEGOTIATOR', 'ARC170REX', 'BLADEOFDORIN', 'JEDISTARFIGHTERAHSOKATANO', 'JEDISTARFIGHTERANAKIN', 'MARAUDER', 'UMBARANSTARFIGHTER', 'YWINGCLONEWARS']",8,15,12271.0,97.667,counter_results.csv
characters,5v5,AURRA_SING,"['AURRA_SING', 'FENNECSHAND', 'GREEDO', 'IG88', 'ZAMWESELL']",5,15,20.0,100.0,counter_results.csv
ships,5v5,CAPITALJEDICRUISER,"['CAPITALJEDICRUISER', 'ARC170REX', 'BLADEOFDORIN', 'JEDISTARFIGHTERAHSOKATANO', 'JEDISTARFIGHTERANAKIN', 'MARAUDER', 'UMBARANSTARFIGHTER', 'YWINGCLONEWARS']",8,13,163.0,100.0,counter_results.csv
characters,5v5,AURRA_SING,"['AURRA_SING', 'BOBAFETT', 'CADBANE', 'DENGAR', 'ZAMWESELL']",5,10,25.0,100.0,counter_results.csv
characters,5v5,QUIGONJINN,"['QUIGONJINN', 'ANAKINKNIGHT', 'GRANDMASTERYODA', 'KELLERANBEQ', 'MACEWINDU']",5,9,654.0,100.0,counter_results.csv
characters,5v5,HOTHLEIA,"['HOTHLEIA', 'CHEWBACCALEGENDARY', 'COMMANDERLUKESKYWALKER', 'HANSOLO', 'PRINCESSLEIA']",5,9,9.0,100.0,counter_results.csv
characters,5v5,MONMOTHMA,"['MONMOTHMA', 'ADMINISTRATORLANDO', 'BIGGSDARKLIGHTER', 'KYLEKATARN', 'WEDGEANTILLES']",5,8,59.0,93.0,"counter_results.csv, defense_teams.csv"
characters,5v5,GRANDMOFFTARKIN,"['GRANDMOFFTARKIN', 'EMPERORPALPATINE', 'MARAJADE', 'ROYALGUARD', 'VADERDUELSEND']",5,8,24.0,100.0,counter_results.csv
characters,5v5,GLREY,"['GLREY', 'BENSOLO', 'EZRAEXILE']",3,7,6076.0,79.714,counter_results.csv
ships,5v5,CAPITALJEDICRUISER,"['CAPITALJEDICRUISER', 'ARC170CLONESERGEANT', 'ARC170REX', 'EBONHAWK', 'MARAUDER', 'UMBARANSTARFIGHTER']",6,7,92.0,100.0,counter_results.csv
characters,5v5,EMPERORPALPATINE,"['EMPERORPALPATINE', 'JUHANI', 'MARAJADE', 'STARKILLER', 'VADER']",5,7,0.0,,defense_teams.csv
characters,5v5,GLREY,"['GLREY', 'BENSOLO', 'EPIXFINN', 'EPIXPOE', 'REYJEDITRAINING']",5,7,0.0,,defense_teams.csv
characters,5v5,BOSSK,"['BOSSK', 'CADBANE', 'DENGAR', 'GREEDO', 'IG88']",5,7,0.0,,defense_teams.csv
characters,5v5,MONMOTHMA,"['MONMOTHMA', 'CARADUNE', 'KYLEKATARN', 'LUTHENRAEL', 'PAO']",5,6,506.0,77.167,counter_results.csv
characters,5v5,BASTILASHAN,"['BASTILASHAN', 'GRANDMASTERLUKE', 'HERMITYODA', 'JEDIKNIGHTCAL', 'JEDIKNIGHTLUKE']",5,6,12.0,100.0,"counter_results.csv, defense_teams.csv"
characters,5v5,GLAHSOKATANO,"['GLAHSOKATANO', 'EZRAEXILE', 'FULCRUMAHSOKA']",3,4,3878.0,91.5,counter_results.csv
characters,5v5,BOSSK,"['BOSSK', 'ASAJJDARKDISCIPLE', 'EMBO', 'JANGOFETT', 'ZAMWESELL']",5,3,12.0,100.0,counter_results.csv
characters,5v5,GRANDMOFFTARKIN,"['GRANDMOFFTARKIN', 'GRANDADMIRALTHRAWN', 'IMPERIALPROBEDROID', 'ROYALGUARD', 'SHORETROOPER']",5,3,9.0,100.0,counter_results.csv
ships,5v5,CAPITALLEVIATHAN,"['CAPITALLEVIATHAN', 'FURYCLASSINTERCEPTOR', 'SCYTHE', 'SITHBOMBER', 'SITHINFILTRATOR', 'TIEBOMBERIMPERIAL', 'TIEDAGGER', 'TIEDEFENDER']",8,2,186.0,70.0,counter_results.csv
characters,5v5,GLLEIA,"['GLLEIA', 'CAPTAINDROGAN', 'CAPTAINREX']",3,2,181.0,90.5,counter_results.csv
characters,5v5,JANGOFETT,"['JANGOFETT', 'BOBAFETT', 'BOUSHH', 'JABBATHEHUTT', 'KRRSANTAN']",5,2,17.0,100.0,counter_results.csv
characters,5v5,THIRDSISTER,"['THIRDSISTER', 'GRANDINQUISITOR', 'INQUISITORBARRISS', 'NINTHSISTER', 'SECONDSISTER']",5,1,215.0,80.0,counter_results.csv
characters,5v5,MONMOTHMA,"['MONMOTHMA', 'BAZEMALBUS', 'CHIRRUTIMWE', 'LUTHENRAEL', 'SAWGERRERA']",5,1,27.0,81.0,counter_results.csv
characters,5v5,JANGOFETT,"['JANGOFETT', 'ASAJJDARKDISCIPLE', 'BOBAFETTSCION', 'FENNECSHAND', 'ZAMWESELL']",5,1,8.0,100.0,counter_results.csv
characters,5v5,BASTILASHAN,"['BASTILASHAN', 'GRANDMASTERLUKE', 'JEDIKNIGHTREVAN', 'JOLEEBINDO', 'SATELESHAN']",5,1,3.0,100.0,counter_results.csv
characters,5v5,BASTILASHAN,"['BASTILASHAN', 'DASHRENDAR', 'MACEWINDU', 'PAZVIZSLA', 'T3_M4']",5,1,2.0,100.0,counter_results.csv
ships,5v5,CAPITALMONCALAMARICRUISER,"['CAPITALMONCALAMARICRUISER', 'BWINGREBEL', 'GHOST', 'MILLENNIUMFALCON', 'OUTRIDER', 'PHANTOM2', 'RAVENSCLAW', 'YWINGREBEL']",8,1,0.0,,defense_teams.csv
ships,5v5,CAPITALNEGOTIATOR,"['CAPITALNEGOTIATOR', 'JEDISTARFIGHTERAHSOKATANO', 'JEDISTARFIGHTERANAKIN', 'MARAUDER', 'MILLENNIUMFALCON', 'MILLENNIUMFALCONEP7', 'TIEADVANCED', 'UMBARANSTARFIGHTER']",8,1,0.0,,defense_teams.csv
