player_id,combat_type,name,base_id,tags,alignment,stars,zeta_count,relic_level,ship_level,completion_percent,is_galactic_legend,has_ultimate,is_capital_ship,unit_url,image_url
955978779,characters,Leia Organa,GLLEIA,"Galactic Legend,Leader,Rebel",2,7,6.0,10.0,,99.0,True,True,False,https://swgoh.gg/p/955978779/unit/GLLEIA/,https://game-assets.swgoh.gg/textures/tex.charui_leiaendor.png
955978779,characters,Ahsoka Tano,GLAHSOKATANO,"Leader,Galactic Legend,Spectre,Unaligned Force User",2,7,6.0,9.0,,94.0,True,True,False,https://swgoh.gg/p/955978779/unit/GLAHSOKATANO/,https://game-assets.swgoh.gg/textures/tex.charui_ahsokatanogray.png
955978779,characters,Jabba the Hutt,JABBATHEHUTT,"Leader,Galactic Legend,Bounty Hunter,Hutt Cartel,Smuggler",3,7,6.0,8.0,,90.0,True,True,False,https://swgoh.gg/p/955978779/unit/JABBATHEHUTT/,https://game-assets.swgoh.gg/textures/tex.charui_jabbathehutt.png
955978779,characters,Jedi Master Kenobi,JEDIMASTERKENOBI,"Leader,Galactic Legend,Galactic Republic,Jedi",2,7,6.0,8.0,,90.0,True,True,False,https://swgoh.gg/p/955978779/unit/JEDIMASTERKENOBI/,https://game-assets.swgoh.gg/textures/tex.charui_globiwan.png
955978779,characters,Rey,GLREY,"Leader,Resistance,Galactic Legend,Unaligned Force User",2,7,6.0,8.0,,90.0,True,True,False,https://swgoh.gg/p/955978779/unit/GLREY/,https://game-assets.swgoh.gg/textures/tex.charui_rey_tros.png
955978779,characters,Sith Eternal Emperor,SITHPALPATINE,"Leader,Galactic Legend,Sith",3,7,6.0,8.0,,89.0,True,True,False,https://swgoh.gg/p/955978779/unit/SITHPALPATINE/,https://game-assets.swgoh.gg/textures/tex.charui_espalpatine_pre.png
955978779,characters,Supreme Leader Kylo Ren,SUPREMELEADERKYLOREN,"Leader,First Order,Galactic Legend,Unaligned Force User",3,7,6.0,8.0,,89.0,True,True,False,https://swgoh.gg/p/955978779/unit/SUPREMELEADERKYLOREN/,https://game-assets.swgoh.gg/textures/tex.charui_kyloren_tros.png
955978779,characters,Jedi Master Luke Skywalker,GRANDMASTERLUKE,"Galactic Legend,Leader,Jedi",2,7,6.0,8.0,,89.0,True,True,False,https://swgoh.gg/p/955978779/unit/GRANDMASTERLUKE/,https://game-assets.swgoh.gg/textures/tex.charui_luke_jml.png
955978779,characters,General Skywalker,GENERALSKYWALKER,"Leader,501st,Galactic Republic,Jedi",2,7,4.0,9.0,,91.0,False,False,False,https://swgoh.gg/p/955978779/unit/GENERALSKYWALKER/,https://game-assets.swgoh.gg/textures/tex.charui_generalanakin.png
955978779,characters,Darth Revan,DARTHREVAN,"Leader,Sith,Sith Empire,Fleet Commander",3,7,3.0,9.0,,91.0,False,False,False,https://swgoh.gg/p/955978779/unit/DARTHREVAN/,https://game-assets.swgoh.gg/textures/tex.charui_sithrevan.png
955978779,characters,Commander Ahsoka Tano,COMMANDERAHSOKA,"Galactic Republic,Scoundrel,Unaligned Force User",2,7,3.0,9.0,,92.0,False,False,False,https://swgoh.gg/p/955978779/unit/COMMANDERAHSOKA/,https://game-assets.swgoh.gg/textures/tex.charui_commanderahsokatano.png
955978779,characters,Grand Inquisitor,GRANDINQUISITOR,"Leader,Empire,Inquisitorius,Unaligned Force User",3,7,3.0,8.0,,87.0,False,False,False,https://swgoh.gg/p/955978779/unit/GRANDINQUISITOR/,https://game-assets.swgoh.gg/textures/tex.charui_grandinquisitor.png
955978779,characters,Hondo Ohnaka,HONDO,"Mercenary,Pirate,Scoundrel,Smuggler,Order 66 Raid",1,7,2.0,9.0,,92.0,False,False,False,https://swgoh.gg/p/955978779/unit/HONDO/,https://game-assets.swgoh.gg/textures/tex.charui_hondoohnaka.png
955978779,characters,Darth Malak,DARTHMALAK,"Sith,Sith Empire",3,7,2.0,9.0,,91.0,False,False,False,https://swgoh.gg/p/955978779/unit/DARTHMALAK/,https://game-assets.swgoh.gg/textures/tex.charui_darthmalak.png
955978779,characters,The Stranger,STRANGER,"Leader,Sith",3,7,3.0,8.0,,87.0,False,False,False,https://swgoh.gg/p/955978779/unit/STRANGER/,https://game-assets.swgoh.gg/textures/tex.charui_stranger.png
955978779,characters,Admiral Raddus,ADMIRALRADDUS,"Leader,Rebel,Rogue One,Fleet Commander",2,7,2.0,9.0,,91.0,False,False,False,https://swgoh.gg/p/955978779/unit/ADMIRALRADDUS/,https://game-assets.swgoh.gg/textures/tex.charui_admiralraddus.png
955978779,characters,R2-D2,R2D2_LEGENDARY,"Droid,Galactic Republic,Rebel,Resistance",2,7,2.0,9.0,,90.0,False,False,False,https://swgoh.gg/p/955978779/unit/R2D2_LEGENDARY/,https://game-assets.swgoh.gg/textures/tex.charui_astromech_r2d2.png
955978779,characters,Jedi Master Mace Windu,JEDIMASTERMACEWINDU,"Leader,Galactic Republic,Jedi,Jedi Vanguard,Order 66 Raid",2,7,3.0,8.0,,84.0,False,False,False,https://swgoh.gg/p/955978779/unit/JEDIMASTERMACEWINDU/,https://game-assets.swgoh.gg/textures/tex.charui_jedimastermacewindu.png
955978779,characters,Bossk,BOSSK,"Leader,Bounty Hunter,Scoundrel",3,7,2.0,8.0,,86.0,False,False,False,https://swgoh.gg/p/955978779/unit/BOSSK/,https://game-assets.swgoh.gg/textures/tex.charui_bossk.png
955978779,characters,Grand Moff Tarkin,GRANDMOFFTARKIN,"Leader,Empire,Fleet Commander,Order 66 Raid",3,7,2.0,9.0,,88.0,False,False,False,https://swgoh.gg/p/955978779/unit/GRANDMOFFTARKIN/,https://game-assets.swgoh.gg/textures/tex.charui_tarkinadmiral.png
955978779,characters,Ninth Sister,NINTHSISTER,"Leader,Empire,Inquisitorius,Unaligned Force User",3,7,2.0,8.0,,85.0,False,False,False,https://swgoh.gg/p/955978779/unit/NINTHSISTER/,https://game-assets.swgoh.gg/textures/tex.charui_ninthsister.png
955978779,characters,Darth Vader,VADER,"Leader,Empire,Sith",3,7,3.0,7.0,,81.0,False,False,False,https://swgoh.gg/p/955978779/unit/VADER/,https://game-assets.swgoh.gg/textures/tex.charui_vader.png
955978779,characters,Rey (Jedi Training),REYJEDITRAINING,"Leader,Resistance,Unaligned Force User",2,7,3.0,7.0,,81.0,False,False,False,https://swgoh.gg/p/955978779/unit/REYJEDITRAINING/,https://game-assets.swgoh.gg/textures/tex.charui_rey_tlj.png
955978779,characters,Commander Luke Skywalker,COMMANDERLUKESKYWALKER,"Leader,Rebel,Unaligned Force User",2,7,3.0,7.0,,81.0,False,False,False,https://swgoh.gg/p/955978779/unit/COMMANDERLUKESKYWALKER/,https://game-assets.swgoh.gg/textures/tex.charui_lukebespin.png
955978779,characters,General Kenobi,GENERALKENOBI,"Leader,Galactic Republic,Jedi,Fleet Commander",2,7,1.0,9.0,,92.0,False,False,False,https://swgoh.gg/p/955978779/unit/GENERALKENOBI/,https://game-assets.swgoh.gg/textures/tex.charui_obiwangeneral.png
955978779,characters,Rey (Dark Side Vision),DARKREY,"First Order,Sith",3,7,3.0,7.0,,81.0,False,False,False,https://swgoh.gg/p/955978779/unit/DARKREY/,https://game-assets.swgoh.gg/textures/tex.charui_darkrey.png
955978779,characters,Third Sister,THIRDSISTER,"Leader,Empire,Inquisitorius,Unaligned Force User",3,7,3.0,7.0,,80.0,False,False,False,https://swgoh.gg/p/955978779/unit/THIRDSISTER/,https://game-assets.swgoh.gg/textures/tex.charui_thirdsister.png
955978779,characters,"RC-1262 ""Scorch""",SCORCH,"Clone Trooper,Empire,Order 66 Raid",3,7,1.0,9.0,,92.0,False,False,False,https://swgoh.gg/p/955978779/unit/SCORCH/,https://game-assets.swgoh.gg/textures/tex.charui_scorch.png
955978779,characters,Admiral Piett,ADMIRALPIETT,"Leader,Empire,Imperial Trooper,Fleet Commander",3,7,2.0,8.0,,84.0,False,False,False,https://swgoh.gg/p/955978779/unit/ADMIRALPIETT/,https://game-assets.swgoh.gg/textures/tex.charui_piett.png
955978779,characters,Darth Bane,DARTHBANE,"Leader,Sith",3,7,3.0,7.0,,80.0,False,False,False,https://swgoh.gg/p/955978779/unit/DARTHBANE/,https://game-assets.swgoh.gg/textures/tex.charui_darthbane.png
955978779,characters,Ahsoka Tano (Fulcrum),FULCRUMAHSOKA,"Rebel,Spectre,Unaligned Force User",2,7,1.0,9.0,,91.0,False,False,False,https://swgoh.gg/p/955978779/unit/FULCRUMAHSOKA/,https://game-assets.swgoh.gg/textures/tex.charui_ahsokaadult.png
955978779,characters,Ben Solo,BENSOLO,Unaligned Force User,2,7,3.0,7.0,,80.0,False,False,False,https://swgoh.gg/p/955978779/unit/BENSOLO/,https://game-assets.swgoh.gg/textures/tex.charui_bensolo.png
955978779,characters,Jedi Knight Revan,JEDIKNIGHTREVAN,"Leader,Jedi,Old Republic",2,7,3.0,6.0,,77.0,False,False,False,https://swgoh.gg/p/955978779/unit/JEDIKNIGHTREVAN/,https://game-assets.swgoh.gg/textures/tex.charui_jedirevan.png
955978779,characters,Ahsoka Tano (Snips),AHSOKATANO,"Leader,501st,Galactic Republic,Jedi",2,7,1.0,9.0,,90.0,False,False,False,https://swgoh.gg/p/955978779/unit/AHSOKATANO/,https://game-assets.swgoh.gg/textures/tex.charui_ahsoka.png
955978779,characters,C-3PO,C3POLEGENDARY,"Droid,Galactic Republic,New Republic,Rebel,Resistance",2,7,2.0,7.0,,79.0,False,False,False,https://swgoh.gg/p/955978779/unit/C3POLEGENDARY/,https://game-assets.swgoh.gg/textures/tex.charui_c3p0.png
955978779,characters,Grand Master Yoda,GRANDMASTERYODA,"Leader,Galactic Republic,Jedi",2,7,2.0,8.0,,82.0,False,False,False,https://swgoh.gg/p/955978779/unit/GRANDMASTERYODA/,https://game-assets.swgoh.gg/textures/tex.charui_yodagrandmaster.png
955978779,characters,Seventh Sister,SEVENTHSISTER,"Leader,Empire,Inquisitorius,Unaligned Force User",3,7,2.0,7.0,,80.0,False,False,False,https://swgoh.gg/p/955978779/unit/SEVENTHSISTER/,https://game-assets.swgoh.gg/textures/tex.charui_seventhsister.png
955978779,characters,Boba Fett,BOBAFETT,"Leader,Bounty Hunter,Hutt Cartel,Scoundrel",3,7,1.0,8.0,,85.0,False,False,False,https://swgoh.gg/p/955978779/unit/BOBAFETT/,https://game-assets.swgoh.gg/textures/tex.charui_bobafett.png
955978779,characters,HK-47,HK47,"Leader,Droid,Sith Empire",3,7,2.0,7.0,,79.0,False,False,False,https://swgoh.gg/p/955978779/unit/HK47/,https://game-assets.swgoh.gg/textures/tex.charui_hk47.png
955978779,characters,Shaak Ti,SHAAKTI,"Leader,Galactic Republic,Jedi,Jedi Vanguard,Order 66 Raid",2,7,2.0,7.0,,81.0,False,False,False,https://swgoh.gg/p/955978779/unit/SHAAKTI/,https://game-assets.swgoh.gg/textures/tex.charui_shaakti.png
955978779,characters,Jyn Erso,JYNERSO,"Leader,Rebel,Rebel Fighter,Rogue One",2,7,2.0,7.0,,80.0,False,False,False,https://swgoh.gg/p/955978779/unit/JYNERSO/,https://game-assets.swgoh.gg/textures/tex.charui_jyn.png
955978779,characters,Chewbacca,CHEWBACCALEGENDARY,"Rebel,Scoundrel,Smuggler,Wookiee",2,7,2.0,7.0,,80.0,False,False,False,https://swgoh.gg/p/955978779/unit/CHEWBACCALEGENDARY/,https://game-assets.swgoh.gg/textures/tex.charui_chewbacca_ot.png
955978779,characters,Grand Admiral Thrawn,GRANDADMIRALTHRAWN,"Leader,Empire,Fleet Commander",3,7,2.0,7.0,,80.0,False,False,False,https://swgoh.gg/p/955978779/unit/GRANDADMIRALTHRAWN/,https://game-assets.swgoh.gg/textures/tex.charui_thrawn.png
955978779,characters,Kylo Ren (Unmasked),KYLORENUNMASKED,"Leader,First Order,Unaligned Force User",3,7,2.0,7.0,,80.0,False,False,False,https://swgoh.gg/p/955978779/unit/KYLORENUNMASKED/,https://game-assets.swgoh.gg/textures/tex.charui_kylo_unmasked.png
955978779,characters,Kelleran Beq,KELLERANBEQ,"Leader,Galactic Republic,Jedi,Jedi Vanguard,Order 66 Raid",2,7,2.0,7.0,,80.0,False,False,False,https://swgoh.gg/p/955978779/unit/KELLERANBEQ/,https://game-assets.swgoh.gg/textures/tex.charui_kelleranbeq.png
955978779,characters,Padmé Amidala,PADMEAMIDALA,"Leader,Galactic Republic",2,7,2.0,7.0,,80.0,False,False,False,https://swgoh.gg/p/955978779/unit/PADMEAMIDALA/,https://game-assets.swgoh.gg/textures/tex.charui_padme_geonosis.png
955978779,characters,"CT-5555 ""Fives""",CT5555,"Leader,501st,Clone Trooper,Galactic Republic",2,7,2.0,7.0,,80.0,False,False,False,https://swgoh.gg/p/955978779/unit/CT5555/,https://game-assets.swgoh.gg/textures/tex.charui_trooperclone_fives.png
955978779,characters,Jedi Knight Luke Skywalker,JEDIKNIGHTLUKE,"Leader,Jedi",2,7,2.0,7.0,,80.0,False,False,False,https://swgoh.gg/p/955978779/unit/JEDIKNIGHTLUKE/,https://game-assets.swgoh.gg/textures/tex.charui_luke_jediknight.png
955978779,characters,Count Dooku,COUNTDOOKU,"Leader,Separatist,Sith",3,7,1.0,8.0,,84.0,False,False,False,https://swgoh.gg/p/955978779/unit/COUNTDOOKU/,https://game-assets.swgoh.gg/textures/tex.charui_dooku.png
955978779,characters,Mother Talzin,MOTHERTALZIN,"Leader,Nightsister",3,7,2.0,7.0,,80.0,False,False,False,https://swgoh.gg/p/955978779/unit/MOTHERTALZIN/,https://game-assets.swgoh.gg/textures/tex.charui_nightsisters_talzin.png
955978779,characters,General Grievous,GRIEVOUS,"Leader,Droid,Separatist,Fleet Commander",3,7,2.0,7.0,,80.0,False,False,False,https://swgoh.gg/p/955978779/unit/GRIEVOUS/,https://game-assets.swgoh.gg/textures/tex.charui_grievous.png
955978779,characters,Depa Billaba,DEPABILLABA,"Galactic Republic,Jedi,Jedi Vanguard,Order 66 Raid",2,7,2.0,8.0,,81.0,False,False,False,https://swgoh.gg/p/955978779/unit/DEPABILLABA/,https://game-assets.swgoh.gg/textures/tex.charui_depabillaba.png
955978779,characters,Jocasta Nu,JOCASTANU,"Galactic Republic,Jedi,Jedi Vanguard,Order 66 Raid",2,7,3.0,7.0,,77.0,False,False,False,https://swgoh.gg/p/955978779/unit/JOCASTANU/,https://game-assets.swgoh.gg/textures/tex.charui_jocastanu_blaster.png
955978779,characters,The Mandalorian (Beskar Armor),THEMANDALORIANBESKARARMOR,"Leader,Mandalorian,Mercenary,Scoundrel",2,7,2.0,7.0,,79.0,False,False,False,https://swgoh.gg/p/955978779/unit/THEMANDALORIANBESKARARMOR/,https://game-assets.swgoh.gg/textures/tex.charui_mandobeskar.png
955978779,characters,Mace Windu,MACEWINDU,"Leader,Galactic Republic,Jedi,Fleet Commander",2,7,3.0,5.0,,74.0,False,False,False,https://swgoh.gg/p/955978779/unit/MACEWINDU/,https://game-assets.swgoh.gg/textures/tex.charui_macewindu.png
955978779,characters,Darth Malgus,DARTHMALGUS,"Leader,Sith,Sith Empire",3,7,2.0,7.0,,80.0,False,False,False,https://swgoh.gg/p/955978779/unit/DARTHMALGUS/,https://game-assets.swgoh.gg/textures/tex.charui_darthmalgus.png
955978779,characters,Temple Guard,VANGUARDTEMPLEGUARD,"Galactic Republic,Jedi,Jedi Vanguard,Order 66 Raid",2,7,1.0,8.0,,85.0,False,False,False,https://swgoh.gg/p/955978779/unit/VANGUARDTEMPLEGUARD/,https://game-assets.swgoh.gg/textures/tex.charui_vanguardtempleguard.png
955978779,characters,BB-8,BB8,"Droid,Resistance",2,7,2.0,7.0,,79.0,False,False,False,https://swgoh.gg/p/955978779/unit/BB8/,https://game-assets.swgoh.gg/textures/tex.charui_bb8.png
955978779,characters,Emperor Palpatine,EMPERORPALPATINE,"Leader,Empire,Sith",3,7,2.0,7.0,,79.0,False,False,False,https://swgoh.gg/p/955978779/unit/EMPERORPALPATINE/,https://game-assets.swgoh.gg/textures/tex.charui_palpatineemperor.png
955978779,characters,Jar Jar Binks,JARJARBINKS,Gungan,2,7,3.0,6.0,,74.0,False,False,False,https://swgoh.gg/p/955978779/unit/JARJARBINKS/,https://game-assets.swgoh.gg/textures/tex.charui_jarjarbinks.png
955978779,characters,"Mara Jade, The Emperor's Hand",MARAJADE,"Empire,Unaligned Force User",3,7,2.0,7.0,,80.0,False,False,False,https://swgoh.gg/p/955978779/unit/MARAJADE/,https://game-assets.swgoh.gg/textures/tex.charui_marajade.png
955978779,characters,Han Solo,HANSOLO,"Mercenary,Rebel,Scoundrel,Smuggler",2,7,1.0,8.0,,84.0,False,False,False,https://swgoh.gg/p/955978779/unit/HANSOLO/,https://game-assets.swgoh.gg/textures/tex.charui_han.png
955978779,characters,Wampa,WAMPA,,3,7,2.0,7.0,,78.0,False,False,False,https://swgoh.gg/p/955978779/unit/WAMPA/,https://game-assets.swgoh.gg/textures/tex.charui_wampa.png
955978779,characters,Captain Rex,CAPTAINREX,"Clone Trooper,Phoenix,Rebel,Rebel Fighter",2,7,2.0,7.0,,79.0,False,False,False,https://swgoh.gg/p/955978779/unit/CAPTAINREX/,https://game-assets.swgoh.gg/textures/tex.charui_captainrex.png
955978779,characters,Starkiller,STARKILLER,Unaligned Force User,3,7,2.0,7.0,,78.0,False,False,False,https://swgoh.gg/p/955978779/unit/STARKILLER/,https://game-assets.swgoh.gg/textures/tex.charui_starkiller.png
955978779,characters,Scout Trooper,SCOUTTROOPER_V3,"Empire,Imperial Remnant,Imperial Trooper",3,7,2.0,7.0,,79.0,False,False,False,https://swgoh.gg/p/955978779/unit/SCOUTTROOPER_V3/,https://game-assets.swgoh.gg/textures/tex.charui_trooperscout.png
955978779,characters,Paz Vizsla,PAZVIZSLA,Mandalorian,2,7,2.0,7.0,,78.0,False,False,False,https://swgoh.gg/p/955978779/unit/PAZVIZSLA/,https://game-assets.swgoh.gg/textures/tex.charui_pazvizsla.png
955978779,characters,Old Daka,DAKA,"Leader,Nightsister",3,7,1.0,8.0,,83.0,False,False,False,https://swgoh.gg/p/955978779/unit/DAKA/,https://game-assets.swgoh.gg/textures/tex.charui_daka.png
955978779,characters,Rey (Scavenger),REY,"Resistance,Unaligned Force User",2,7,1.0,8.0,,83.0,False,False,False,https://swgoh.gg/p/955978779/unit/REY/,https://game-assets.swgoh.gg/textures/tex.charui_reyjakku.png
955978779,characters,Geonosian Brood Alpha,GEONOSIANBROODALPHA,"Leader,Geonosian,Separatist",3,7,2.0,6.0,,75.0,False,False,False,https://swgoh.gg/p/955978779/unit/GEONOSIANBROODALPHA/,https://game-assets.swgoh.gg/textures/tex.charui_geonosian_broodalpha.png
955978779,characters,Huyang,HUYANG,"Droid,Spectre",2,7,2.0,7.0,,78.0,False,False,False,https://swgoh.gg/p/955978779/unit/HUYANG/,https://game-assets.swgoh.gg/textures/tex.charui_huyang.png
955978779,characters,Night Trooper,NIGHTTROOPER,"Imperial Remnant,Nightsister",3,7,2.0,7.0,,78.0,False,False,False,https://swgoh.gg/p/955978779/unit/NIGHTTROOPER/,https://game-assets.swgoh.gg/textures/tex.charui_nighttrooper_a.png
955978779,characters,Captain Drogan,CAPTAINDROGAN,"New Republic,Rebel,Rebel Fighter",2,7,2.0,7.0,,78.0,False,False,False,https://swgoh.gg/p/955978779/unit/CAPTAINDROGAN/,https://game-assets.swgoh.gg/textures/tex.charui_captaindrogan.png
955978779,characters,Captain Enoch,CAPTAINENOCH,"Leader,Imperial Remnant",3,7,2.0,7.0,,78.0,False,False,False,https://swgoh.gg/p/955978779/unit/CAPTAINENOCH/,https://game-assets.swgoh.gg/textures/tex.charui_captainenoch.png
955978779,characters,Great Mothers,GREATMOTHERS,"Leader,Nightsister",3,7,2.0,7.0,,79.0,False,False,False,https://swgoh.gg/p/955978779/unit/GREATMOTHERS/,https://game-assets.swgoh.gg/textures/tex.charui_greatmothers.png
955978779,characters,Bastila Shan,BASTILASHAN,"Leader,Jedi,Old Republic",2,7,1.0,7.0,,79.0,False,False,False,https://swgoh.gg/p/955978779/unit/BASTILASHAN/,https://game-assets.swgoh.gg/textures/tex.charui_bastilashan.png
955978779,characters,Fifth Brother,FIFTHBROTHER,"Leader,Empire,Inquisitorius,Unaligned Force User",3,7,1.0,7.0,,75.0,False,False,False,https://swgoh.gg/p/955978779/unit/FIFTHBROTHER/,https://game-assets.swgoh.gg/textures/tex.charui_fifthbrother.png
955978779,characters,Second Sister,SECONDSISTER,"Leader,Empire,Inquisitorius,Unaligned Force User",3,7,1.0,7.0,,79.0,False,False,False,https://swgoh.gg/p/955978779/unit/SECONDSISTER/,https://game-assets.swgoh.gg/textures/tex.charui_secondsister.png
955978779,characters,Cobb Vanth,COBBVANTH,"Leader,Constable",2,7,3.0,5.0,,72.0,False,False,False,https://swgoh.gg/p/955978779/unit/COBBVANTH/,https://game-assets.swgoh.gg/textures/tex.charui_cobbvanth.png
955978779,characters,The Mandalorian,THEMANDALORIAN,"Leader,Bounty Hunter,Mandalorian,Scoundrel",2,7,2.0,6.0,,76.0,False,False,False,https://swgoh.gg/p/955978779/unit/THEMANDALORIAN/,https://game-assets.swgoh.gg/textures/tex.charui_mandalorian.png
955978779,characters,Hermit Yoda,HERMITYODA,Jedi,2,7,2.0,6.0,,75.0,False,False,False,https://swgoh.gg/p/955978779/unit/HERMITYODA/,https://game-assets.swgoh.gg/textures/tex.charui_yodahermit.png
955978779,characters,Bo-Katan (Mand'alor),MANDALORBOKATAN,"Leader,Mandalorian",2,7,3.0,5.0,,72.0,False,False,False,https://swgoh.gg/p/955978779/unit/MANDALORBOKATAN/,https://game-assets.swgoh.gg/textures/tex.charui_mandalorbokatan.png
955978779,characters,Eighth Brother,EIGHTHBROTHER,"Leader,Empire,Inquisitorius,Unaligned Force User",3,7,1.0,7.0,,78.0,False,False,False,https://swgoh.gg/p/955978779/unit/EIGHTHBROTHER/,https://game-assets.swgoh.gg/textures/tex.charui_eighthbrother.png
955978779,characters,Dengar,DENGAR,"Leader,Bounty Hunter,Mercenary,Scoundrel",3,7,1.0,7.0,,78.0,False,False,False,https://swgoh.gg/p/955978779/unit/DENGAR/,https://game-assets.swgoh.gg/textures/tex.charui_dengar.png
955978779,characters,Jolee Bindo,JOLEEBINDO,"Jedi,Old Republic",2,7,1.0,7.0,,79.0,False,False,False,https://swgoh.gg/p/955978779/unit/JOLEEBINDO/,https://game-assets.swgoh.gg/textures/tex.charui_joleebindo.png
955978779,characters,Marrok,MARROK,"Inquisitorius,Mercenary,Unaligned Force User",3,7,1.0,7.0,,79.0,False,False,False,https://swgoh.gg/p/955978779/unit/MARROK/,https://game-assets.swgoh.gg/textures/tex.charui_marrok.png
955978779,characters,Asajj Ventress,ASAJVENTRESS,"Leader,Nightsister,Separatist,Unaligned Force User",3,7,2.0,6.0,,75.0,False,False,False,https://swgoh.gg/p/955978779/unit/ASAJVENTRESS/,https://game-assets.swgoh.gg/textures/tex.charui_ventress.png
955978779,characters,Jango Fett,JANGOFETT,"Leader,Bounty Hunter,Mandalorian,Mercenary,Scoundrel,Separatist",3,7,1.0,7.0,,73.0,False,False,False,https://swgoh.gg/p/955978779/unit/JANGOFETT/,https://game-assets.swgoh.gg/textures/tex.charui_jangofett.png
955978779,characters,Mon Mothma,MONMOTHMA,"Leader,New Republic,Rebel",2,7,2.0,6.0,,75.0,False,False,False,https://swgoh.gg/p/955978779/unit/MONMOTHMA/,https://game-assets.swgoh.gg/textures/tex.charui_monmothma.png
955978779,characters,Boss Nass,BOSSNASS,"Leader,Gungan",2,7,2.0,6.0,,74.0,False,False,False,https://swgoh.gg/p/955978779/unit/BOSSNASS/,https://game-assets.swgoh.gg/textures/tex.charui_bossnass.png
955978779,characters,CX-2,OPERATIVE,"Clone Trooper,Empire,Order 66 Raid",3,7,2.0,6.0,,75.0,False,False,False,https://swgoh.gg/p/955978779/unit/OPERATIVE/,https://game-assets.swgoh.gg/textures/tex.charui_operative.png
955978779,characters,"CT-7567 ""Rex""",CT7567,"Leader,501st,Clone Trooper,Galactic Republic",2,7,1.0,7.0,,78.0,False,False,False,https://swgoh.gg/p/955978779/unit/CT7567/,https://game-assets.swgoh.gg/textures/tex.charui_trooperclone_rex.png
955978779,characters,Baylan Skoll,BAYLANSKOLL,"Leader,Mercenary,Unaligned Force User",3,7,3.0,3.0,,68.0,False,False,False,https://swgoh.gg/p/955978779/unit/BAYLANSKOLL/,https://game-assets.swgoh.gg/textures/tex.charui_baylanskoll.png
955978779,characters,Fennec Shand,FENNECSHAND,"Leader,Bounty Hunter,Mercenary,Scoundrel",3,7,1.0,7.0,,78.0,False,False,False,https://swgoh.gg/p/955978779/unit/FENNECSHAND/,https://game-assets.swgoh.gg/textures/tex.charui_fennec.png
955978779,characters,Barriss Offee,BARRISSOFFEE,"Leader,Galactic Republic,Jedi,Jedi Vanguard,Order 66 Raid",2,7,1.0,7.0,,79.0,False,False,False,https://swgoh.gg/p/955978779/unit/BARRISSOFFEE/,https://game-assets.swgoh.gg/textures/tex.charui_barriss_light.png
955978779,characters,Threepio & Chewie,C3POCHEWBACCA,"Droid,Rebel,Wookiee",2,7,1.0,7.0,,79.0,False,False,False,https://swgoh.gg/p/955978779/unit/C3POCHEWBACCA/,https://game-assets.swgoh.gg/textures/tex.charui_chewbacca_c3po.png
955978779,characters,Dash Rendar,DASHRENDAR,"Leader,Mercenary,Scoundrel,Smuggler",2,7,1.0,7.0,,77.0,False,False,False,https://swgoh.gg/p/955978779/unit/DASHRENDAR/,https://game-assets.swgoh.gg/textures/tex.charui_dashrendar.png
955978779,characters,Plo Koon,PLOKOON,"Leader,Galactic Republic,Jedi,Jedi Vanguard,Order 66 Raid",2,7,,8.0,,84.0,False,False,False,https://swgoh.gg/p/955978779/unit/PLOKOON/,https://game-assets.swgoh.gg/textures/tex.charui_plokoon.png
955978779,characters,Finn,FINN,"Leader,Resistance",2,7,1.0,7.0,,79.0,False,False,False,https://swgoh.gg/p/955978779/unit/FINN/,https://game-assets.swgoh.gg/textures/tex.charui_finnjakku.png
955978779,characters,Jedi Knight Cal Kestis,JEDIKNIGHTCAL,"Leader,Jedi,Mercenary",2,7,3.0,3.0,,68.0,False,False,False,https://swgoh.gg/p/955978779/unit/JEDIKNIGHTCAL/,https://game-assets.swgoh.gg/textures/tex.charui_jediknightcal.png
955978779,characters,Jedi Knight Anakin,ANAKINKNIGHT,"Leader,Galactic Republic,Jedi",2,7,1.0,7.0,,78.0,False,False,False,https://swgoh.gg/p/955978779/unit/ANAKINKNIGHT/,https://game-assets.swgoh.gg/textures/tex.charui_anakinknight.png
955978779,characters,Resistance Hero Finn,EPIXFINN,Resistance,2,7,1.0,7.0,,78.0,False,False,False,https://swgoh.gg/p/955978779/unit/EPIXFINN/,https://game-assets.swgoh.gg/textures/tex.charui_finn.png
955978779,characters,Wat Tambor,WATTAMBOR,Separatist,3,7,1.0,7.0,,78.0,False,False,False,https://swgoh.gg/p/955978779/unit/WATTAMBOR/,https://game-assets.swgoh.gg/textures/tex.charui_wattambor.png
955978779,characters,Maz Kanata,MAZKANATA,"Leader,Pirate,Scoundrel,Smuggler,Unaligned Force User,Order 66 Raid",2,7,3.0,3.0,,69.0,False,False,False,https://swgoh.gg/p/955978779/unit/MAZKANATA/,https://game-assets.swgoh.gg/textures/tex.charui_mazkanata.png
955978779,characters,Captain Silvo,CAPTAINSILVO,"Leader,Pirate,Scoundrel,Unaligned Force User,Order 66 Raid",3,7,1.0,7.0,,77.0,False,False,False,https://swgoh.gg/p/955978779/unit/CAPTAINSILVO/,https://game-assets.swgoh.gg/textures/tex.charui_captainsilvo.png
955978779,characters,B2 Super Battle Droid,B2SUPERBATTLEDROID,"Droid,Separatist",3,7,1.0,7.0,,78.0,False,False,False,https://swgoh.gg/p/955978779/unit/B2SUPERBATTLEDROID/,https://game-assets.swgoh.gg/textures/tex.charui_b2.png
955978779,characters,Enfys Nest,ENFYSNEST,"Pirate,Scoundrel,Smuggler,Order 66 Raid",2,7,1.0,7.0,,78.0,False,False,False,https://swgoh.gg/p/955978779/unit/ENFYSNEST/,https://game-assets.swgoh.gg/textures/tex.charui_enfys.png
955978779,characters,Sith Trooper,FOSITHTROOPER,"First Order,Sith",3,7,1.0,7.0,,78.0,False,False,False,https://swgoh.gg/p/955978779/unit/FOSITHTROOPER/,https://game-assets.swgoh.gg/textures/tex.charui_firstorder_sithtrooper.png
955978779,characters,Skiff Guard (Lando Calrissian),UNDERCOVERLANDO,"Hutt Cartel,Scoundrel,Smuggler",2,7,1.0,7.0,,78.0,False,False,False,https://swgoh.gg/p/955978779/unit/UNDERCOVERLANDO/,https://game-assets.swgoh.gg/textures/tex.charui_undercoverlando.png
955978779,characters,Darth Sidious,DARTHSIDIOUS,"Leader,Sith",3,7,1.0,7.0,,78.0,False,False,False,https://swgoh.gg/p/955978779/unit/DARTHSIDIOUS/,https://game-assets.swgoh.gg/textures/tex.charui_sidious.png
955978779,characters,Kylo Ren,KYLOREN,"First Order,Unaligned Force User",3,7,1.0,7.0,,77.0,False,False,False,https://swgoh.gg/p/955978779/unit/KYLOREN/,https://game-assets.swgoh.gg/textures/tex.charui_kyloren.png
955978779,characters,IG-12 & Grogu,IG12,Mandalorian,2,7,1.0,7.0,,77.0,False,False,False,https://swgoh.gg/p/955978779/unit/IG12/,https://game-assets.swgoh.gg/textures/tex.charui_ig12.png
955978779,characters,Moff Gideon,MOFFGIDEONS1,"Leader,Empire,Imperial Remnant,Imperial Trooper",3,7,2.0,5.0,,72.0,False,False,False,https://swgoh.gg/p/955978779/unit/MOFFGIDEONS1/,https://game-assets.swgoh.gg/textures/tex.charui_moffgideon.png
955978779,characters,"CT-21-0408 ""Echo""",CT210408,"501st,Clone Trooper,Galactic Republic",2,7,1.0,7.0,,77.0,False,False,False,https://swgoh.gg/p/955978779/unit/CT210408/,https://game-assets.swgoh.gg/textures/tex.charui_trooperclone_echo.png
955978779,characters,Ezra Bridger,EZRABRIDGERS3,"Jedi,Phoenix,Rebel",2,7,1.0,7.0,,77.0,False,False,False,https://swgoh.gg/p/955978779/unit/EZRABRIDGERS3/,https://game-assets.swgoh.gg/textures/tex.charui_ezra_s3.png
955978779,characters,B1 Battle Droid,B1BATTLEDROIDV2,"Droid,Separatist",3,7,1.0,7.0,,77.0,False,False,False,https://swgoh.gg/p/955978779/unit/B1BATTLEDROIDV2/,https://game-assets.swgoh.gg/textures/tex.charui_b1.png
955978779,characters,Brutus,BRUTUS,"Pirate,Scoundrel,Order 66 Raid",3,7,1.0,7.0,,77.0,False,False,False,https://swgoh.gg/p/955978779/unit/BRUTUS/,https://game-assets.swgoh.gg/textures/tex.charui_brutus.png
955978779,characters,Princess Kneesaa,PRINCESSKNEESAA,Ewok,2,7,1.0,7.0,,77.0,False,False,False,https://swgoh.gg/p/955978779/unit/PRINCESSKNEESAA/,https://game-assets.swgoh.gg/textures/tex.charui_princesskneesaa.png
955978779,characters,Luminara Unduli,LUMINARAUNDULI,"Leader,Galactic Republic,Jedi,Jedi Vanguard,Order 66 Raid",2,7,1.0,7.0,,77.0,False,False,False,https://swgoh.gg/p/955978779/unit/LUMINARAUNDULI/,https://game-assets.swgoh.gg/textures/tex.charui_luminara.png
955978779,characters,Satele Shan,SATELESHAN,"Leader,Jedi,Old Republic",2,7,4.0,1.0,,64.0,False,False,False,https://swgoh.gg/p/955978779/unit/SATELESHAN/,https://game-assets.swgoh.gg/textures/tex.charui_sateleshan.png
955978779,characters,Darth Maul,MAUL,"Leader,Sith",3,7,1.0,7.0,,77.0,False,False,False,https://swgoh.gg/p/955978779/unit/MAUL/,https://game-assets.swgoh.gg/textures/tex.charui_maul.png
955978779,characters,Vane,VANE,"Pirate,Scoundrel,Order 66 Raid",3,7,1.0,7.0,,77.0,False,False,False,https://swgoh.gg/p/955978779/unit/VANE/,https://game-assets.swgoh.gg/textures/tex.charui_vane.png
955978779,characters,Death Trooper (Peridea),DEATHTROOPERPERIDEA,"Imperial Remnant,Nightsister",3,7,1.0,7.0,,77.0,False,False,False,https://swgoh.gg/p/955978779/unit/DEATHTROOPERPERIDEA/,https://game-assets.swgoh.gg/textures/tex.charui_deathtrooperperidea.png
955978779,characters,Cassian Andor,CASSIANANDOR,"Rebel,Rebel Fighter,Rogue One",2,7,,8.0,,76.0,False,False,False,https://swgoh.gg/p/955978779/unit/CASSIANANDOR/,https://game-assets.swgoh.gg/textures/tex.charui_cassian.png
955978779,characters,Greedo,GREEDO,"Leader,Bounty Hunter,Hutt Cartel,Scoundrel",3,7,1.0,6.0,,74.0,False,False,False,https://swgoh.gg/p/955978779/unit/GREEDO/,https://game-assets.swgoh.gg/textures/tex.charui_greedo.png
955978779,characters,Morgan Elsbeth,MORGANELSBETH,Nightsister,3,7,1.0,7.0,,77.0,False,False,False,https://swgoh.gg/p/955978779/unit/MORGANELSBETH/,https://game-assets.swgoh.gg/textures/tex.charui_morganelsbeth.png
955978779,characters,Obi-Wan Kenobi (Old Ben),OLDBENKENOBI,"Leader,Jedi,Rebel",2,7,2.0,5.0,,71.0,False,False,False,https://swgoh.gg/p/955978779/unit/OLDBENKENOBI/,https://game-assets.swgoh.gg/textures/tex.charui_obiwanep4.png
955978779,characters,Zorii Bliss,ZORIIBLISS_V2,"Resistance,Scoundrel,Smuggler",2,7,2.0,5.0,,70.0,False,False,False,https://swgoh.gg/p/955978779/unit/ZORIIBLISS_V2/,https://game-assets.swgoh.gg/textures/tex.charui_zoriibliss.png
955978779,characters,General Syndulla,GENERALSYNDULLA,"Leader,New Republic,Spectre",2,7,2.0,5.0,,70.0,False,False,False,https://swgoh.gg/p/955978779/unit/GENERALSYNDULLA/,https://game-assets.swgoh.gg/textures/tex.charui_generalsyndulla.png
955978779,characters,ARC Trooper,ARCTROOPER501ST,"501st,Clone Trooper,Galactic Republic",2,7,1.0,7.0,,78.0,False,False,False,https://swgoh.gg/p/955978779/unit/ARCTROOPER501ST/,https://game-assets.swgoh.gg/textures/tex.charui_trooperclone_arc.png
955978779,characters,"CC-1119 ""Appo""",APPO,"Clone Trooper,Empire,Order 66 Raid",3,7,2.0,5.0,,72.0,False,False,False,https://swgoh.gg/p/955978779/unit/APPO/,https://game-assets.swgoh.gg/textures/tex.charui_appo.png
955978779,characters,Disguised Clone Trooper,DISGUISEDCLONETROOPER,"Clone Trooper,Empire,Order 66 Raid",3,7,2.0,5.0,,72.0,False,False,False,https://swgoh.gg/p/955978779/unit/DISGUISEDCLONETROOPER/,https://game-assets.swgoh.gg/textures/tex.charui_disguisedclonetrooper.png
955978779,characters,Boushh (Leia Organa),BOUSHH,"Leader,Bounty Hunter,Hutt Cartel,Scoundrel",2,7,1.0,6.0,,73.0,False,False,False,https://swgoh.gg/p/955978779/unit/BOUSHH/,https://game-assets.swgoh.gg/textures/tex.charui_boushh.png
955978779,characters,Dark Trooper Moff Gideon,MOFFGIDEONS3,"Leader,Empire,Imperial Remnant",3,7,2.0,5.0,,66.0,False,False,False,https://swgoh.gg/p/955978779/unit/MOFFGIDEONS3/,https://game-assets.swgoh.gg/textures/tex.charui_moffgideons3.png
955978779,characters,Aayla Secura,AAYLASECURA,"Leader,Galactic Republic,Jedi,Jedi Vanguard,Order 66 Raid",2,7,1.0,6.0,,74.0,False,False,False,https://swgoh.gg/p/955978779/unit/AAYLASECURA/,https://game-assets.swgoh.gg/textures/tex.charui_aaylasecura.png
955978779,characters,Darth Nihilus,DARTHNIHILUS,"Leader,Sith",3,7,1.0,6.0,,69.0,False,False,False,https://swgoh.gg/p/955978779/unit/DARTHNIHILUS/,https://game-assets.swgoh.gg/textures/tex.charui_nihilus.png
955978779,characters,Ezra Bridger (Exile),EZRAEXILE,"Jedi,Spectre",2,7,3.0,2.0,,65.0,False,False,False,https://swgoh.gg/p/955978779/unit/EZRAEXILE/,https://game-assets.swgoh.gg/textures/tex.charui_ezraexile.png
955978779,characters,Darth Talon,DARTHTALON,Sith,3,7,1.0,6.0,,73.0,False,False,False,https://swgoh.gg/p/955978779/unit/DARTHTALON/,https://game-assets.swgoh.gg/textures/tex.charui_darthtalon.png
955978779,characters,Iden Versio,IDENVERSIOEMPIRE,"Leader,Empire,Imperial Trooper",3,7,1.0,6.0,,72.0,False,False,False,https://swgoh.gg/p/955978779/unit/IDENVERSIOEMPIRE/,https://game-assets.swgoh.gg/textures/tex.charui_idenversioempire.png
955978779,characters,Qi'ra,QIRA,"Leader,Mercenary,Scoundrel,Smuggler",2,7,1.0,6.0,,72.0,False,False,False,https://swgoh.gg/p/955978779/unit/QIRA/,https://game-assets.swgoh.gg/textures/tex.charui_qira.png
955978779,characters,"Boba Fett, Scion of Jango",BOBAFETTSCION,"Leader,Bounty Hunter,Mercenary,Scoundrel",3,7,,7.0,,71.0,False,False,False,https://swgoh.gg/p/955978779/unit/BOBAFETTSCION/,https://game-assets.swgoh.gg/textures/tex.charui_bobafettold.png
955978779,characters,Droideka,DROIDEKA,"Droid,Separatist",3,7,1.0,6.0,,73.0,False,False,False,https://swgoh.gg/p/955978779/unit/DROIDEKA/,https://game-assets.swgoh.gg/textures/tex.charui_droideka.png
955978779,characters,Maul,MAULS7,"Leader,Mandalorian,Unaligned Force User",3,7,,7.0,,64.0,False,False,False,https://swgoh.gg/p/955978779/unit/MAULS7/,https://game-assets.swgoh.gg/textures/tex.charui_maul_cyborg.png
955978779,characters,Krrsantan,KRRSANTAN,"Leader,Bounty Hunter,Hutt Cartel,Mercenary,Scoundrel,Wookiee",3,7,1.0,5.0,,70.0,False,False,False,https://swgoh.gg/p/955978779/unit/KRRSANTAN/,https://game-assets.swgoh.gg/textures/tex.charui_krrsantan.png
955978779,characters,Quiggold,QUIGGOLD,"Pirate,Scoundrel,Order 66 Raid",3,7,2.0,4.0,,69.0,False,False,False,https://swgoh.gg/p/955978779/unit/QUIGGOLD/,https://game-assets.swgoh.gg/textures/tex.charui_quiggold.png
955978779,characters,Bastila Shan (Fallen),BASTILASHANDARK,"Sith,Sith Empire",3,7,1.0,5.0,,70.0,False,False,False,https://swgoh.gg/p/955978779/unit/BASTILASHANDARK/,https://game-assets.swgoh.gg/textures/tex.charui_bastilashan_dark.png
955978779,characters,General Veers,VEERS,"Leader,Empire,Imperial Trooper",3,7,1.0,6.0,,73.0,False,False,False,https://swgoh.gg/p/955978779/unit/VEERS/,https://game-assets.swgoh.gg/textures/tex.charui_veers.png
955978779,characters,Gungan Boomadier,BOOMADIER,Gungan,2,7,1.0,6.0,,73.0,False,False,False,https://swgoh.gg/p/955978779/unit/BOOMADIER/,https://game-assets.swgoh.gg/textures/tex.charui_gunganboomadier.png
955978779,characters,Captain Ithano,ITHANO,"Leader,Pirate,Scoundrel,Order 66 Raid",3,7,2.0,3.0,,67.0,False,False,False,https://swgoh.gg/p/955978779/unit/ITHANO/,https://game-assets.swgoh.gg/textures/tex.charui_ithano.png
955978779,characters,Gungan Phalanx,GUNGANPHALANX,Gungan,2,7,1.0,6.0,,72.0,False,False,False,https://swgoh.gg/p/955978779/unit/GUNGANPHALANX/,https://game-assets.swgoh.gg/textures/tex.charui_gunganphalanx.png
955978779,characters,Colonel Starck,COLONELSTARCK,"Empire,Imperial Trooper",3,7,1.0,6.0,,72.0,False,False,False,https://swgoh.gg/p/955978779/unit/COLONELSTARCK/,https://game-assets.swgoh.gg/textures/tex.charui_colonel_stark.png
955978779,characters,BT-1,BT1,"Droid,Scoundrel",3,7,1.0,6.0,,72.0,False,False,False,https://swgoh.gg/p/955978779/unit/BT1/,https://game-assets.swgoh.gg/textures/tex.charui_bt1.png
955978779,characters,Shin Hati,SHINHATI,"Mercenary,Unaligned Force User",3,7,,7.0,,70.0,False,False,False,https://swgoh.gg/p/955978779/unit/SHINHATI/,https://game-assets.swgoh.gg/textures/tex.charui_shinhati.png
955978779,characters,Omega (Fugitive),OMEGAS3,"Leader,Bad Batch,Order 66 Raid",2,7,3.0,1.0,,63.0,False,False,False,https://swgoh.gg/p/955978779/unit/OMEGAS3/,https://game-assets.swgoh.gg/textures/tex.charui_omegas3.png
955978779,characters,Kuiil,KUIIL,Scoundrel,2,7,1.0,6.0,,72.0,False,False,False,https://swgoh.gg/p/955978779/unit/KUIIL/,https://game-assets.swgoh.gg/textures/tex.charui_kuiil.png
955978779,characters,Rebel Officer Leia Organa,HOTHLEIA,"Leader,Rebel",2,7,1.0,6.0,,72.0,False,False,False,https://swgoh.gg/p/955978779/unit/HOTHLEIA/,https://game-assets.swgoh.gg/textures/tex.charui_leiahoth.png
955978779,characters,Young Lando Calrissian,YOUNGLANDO,"Mercenary,Scoundrel,Smuggler",2,7,1.0,6.0,,72.0,False,False,False,https://swgoh.gg/p/955978779/unit/YOUNGLANDO/,https://game-assets.swgoh.gg/textures/tex.charui_younglando.png
955978779,characters,Captain Tarpals,CAPTAINTARPALS,Gungan,2,7,1.0,6.0,,71.0,False,False,False,https://swgoh.gg/p/955978779/unit/CAPTAINTARPALS/,https://game-assets.swgoh.gg/textures/tex.charui_captaintarpals.png
955978779,characters,Jawa Scavenger,JAWASCAVENGER,Jawa,2,7,,7.0,,76.0,False,False,False,https://swgoh.gg/p/955978779/unit/JAWASCAVENGER/,https://game-assets.swgoh.gg/textures/tex.charui_jawa_scavenger.png
955978779,characters,Chief Nebit,CHIEFNEBIT,"Leader,Jawa",2,7,,7.0,,76.0,False,False,False,https://swgoh.gg/p/955978779/unit/CHIEFNEBIT/,https://game-assets.swgoh.gg/textures/tex.charui_jawa_nebit.png
955978779,characters,Dathcha,DATHCHA,"Leader,Jawa",2,7,,7.0,,76.0,False,False,False,https://swgoh.gg/p/955978779/unit/DATHCHA/,https://game-assets.swgoh.gg/textures/tex.charui_jawa_dathcha.png
955978779,characters,Jawa Engineer,JAWAENGINEER,Jawa,2,7,,7.0,,76.0,False,False,False,https://swgoh.gg/p/955978779/unit/JAWAENGINEER/,https://game-assets.swgoh.gg/textures/tex.charui_jawa_engineer.png
955978779,characters,Veteran Smuggler Chewbacca,SMUGGLERCHEWBACCA,"Resistance,Scoundrel,Wookiee,Smuggler",2,7,,7.0,,70.0,False,False,False,https://swgoh.gg/p/955978779/unit/SMUGGLERCHEWBACCA/,https://game-assets.swgoh.gg/textures/tex.charui_tfa_chewbacca.png
955978779,characters,The Armorer,ARMORER,"Leader,Mandalorian",2,7,1.0,5.0,,69.0,False,False,False,https://swgoh.gg/p/955978779/unit/ARMORER/,https://game-assets.swgoh.gg/textures/tex.charui_armorer.png
955978779,characters,Padawan Sabine Wren,PADAWANSABINE,"Mandalorian,Spectre,Unaligned Force User",2,7,,7.0,,70.0,False,False,False,https://swgoh.gg/p/955978779/unit/PADAWANSABINE/,https://game-assets.swgoh.gg/textures/tex.charui_padawansabine.png
955978779,characters,Merrin,MERRIN,Nightsister,3,7,2.0,3.0,,65.0,False,False,False,https://swgoh.gg/p/955978779/unit/MERRIN/,https://game-assets.swgoh.gg/textures/tex.charui_merrin.png
955978779,characters,IG-88,IG88,"Leader,Bounty Hunter,Droid,Scoundrel",3,7,1.0,5.0,,69.0,False,False,False,https://swgoh.gg/p/955978779/unit/IG88/,https://game-assets.swgoh.gg/textures/tex.charui_ig88.png
955978779,characters,Sith Assassin,SITHASSASSIN,"Sith,Sith Empire",3,7,,7.0,,76.0,False,False,False,https://swgoh.gg/p/955978779/unit/SITHASSASSIN/,https://game-assets.swgoh.gg/textures/tex.charui_sithassassin.png
955978779,characters,General Hux,GENERALHUX,"Leader,First Order,Fleet Commander",3,7,1.0,5.0,,69.0,False,False,False,https://swgoh.gg/p/955978779/unit/GENERALHUX/,https://game-assets.swgoh.gg/textures/tex.charui_generalhux.png
955978779,characters,50R-T,50RT,"Leader,Droid,Old Republic",2,7,1.0,5.0,,65.0,False,False,False,https://swgoh.gg/p/955978779/unit/50RT/,https://game-assets.swgoh.gg/textures/tex.charui_50rt.png
955978779,characters,SM-33,SM33,"Droid,Pirate,Scoundrel,Order 66 Raid",3,7,3.0,3.0,,62.0,False,False,False,https://swgoh.gg/p/955978779/unit/SM33/,https://game-assets.swgoh.gg/textures/tex.charui_sm33.png
955978779,characters,Sith Empire Trooper,SITHTROOPER,"Sith,Sith Empire",3,7,,7.0,,75.0,False,False,False,https://swgoh.gg/p/955978779/unit/SITHTROOPER/,https://game-assets.swgoh.gg/textures/tex.charui_sithtrooper.png
955978779,characters,Savage Opress,SAVAGEOPRESS,"Leader,Sith",3,7,1.0,5.0,,69.0,False,False,False,https://swgoh.gg/p/955978779/unit/SAVAGEOPRESS/,https://game-assets.swgoh.gg/textures/tex.charui_savageopress.png
955978779,characters,Aurra Sing,AURRA_SING,"Leader,Bounty Hunter,Mercenary,Scoundrel",3,7,,6.0,,63.0,False,False,False,https://swgoh.gg/p/955978779/unit/AURRA_SING/,https://game-assets.swgoh.gg/textures/tex.charui_aurrasing.png
955978779,characters,Sith Marauder,SITHMARAUDER,"Sith,Sith Empire",3,7,,7.0,,75.0,False,False,False,https://swgoh.gg/p/955978779/unit/SITHMARAUDER/,https://game-assets.swgoh.gg/textures/tex.charui_sithmarauder.png
955978779,characters,Jawa,JAWA,Jawa,2,7,,7.0,,75.0,False,False,False,https://swgoh.gg/p/955978779/unit/JAWA/,https://game-assets.swgoh.gg/textures/tex.charui_jawa_jawa.png
955978779,characters,Resistance Hero Poe,EPIXPOE,Resistance,2,7,1.0,5.0,,69.0,False,False,False,https://swgoh.gg/p/955978779/unit/EPIXPOE/,https://game-assets.swgoh.gg/textures/tex.charui_poe_tros.png
955978779,characters,Ewok Elder,EWOKELDER,Ewok,2,7,,7.0,,75.0,False,False,False,https://swgoh.gg/p/955978779/unit/EWOKELDER/,https://game-assets.swgoh.gg/textures/tex.charui_ewok_chief.png
955978779,characters,Ewok Scout,EWOKSCOUT,Ewok,2,7,,7.0,,75.0,False,False,False,https://swgoh.gg/p/955978779/unit/EWOKSCOUT/,https://game-assets.swgoh.gg/textures/tex.charui_ewok_scout.png
955978779,characters,IG-100 MagnaGuard,MAGNAGUARD,"Droid,Separatist",3,7,1.0,5.0,,68.0,False,False,False,https://swgoh.gg/p/955978779/unit/MAGNAGUARD/,https://game-assets.swgoh.gg/textures/tex.charui_magnaguard.png
955978779,characters,Qui-Gon Jinn,QUIGONJINN,"Leader,Galactic Republic,Jedi,Jedi Vanguard,Order 66 Raid",2,7,1.0,5.0,,68.0,False,False,False,https://swgoh.gg/p/955978779/unit/QUIGONJINN/,https://game-assets.swgoh.gg/textures/tex.charui_quigon.png
955978779,characters,Tusken Chieftain,TUSKENCHIEFTAIN,"Leader,Tusken",3,7,2.0,3.0,,65.0,False,False,False,https://swgoh.gg/p/955978779/unit/TUSKENCHIEFTAIN/,https://game-assets.swgoh.gg/textures/tex.charui_tuskenchieftain.png
955978779,characters,Bo-Katan Kryze,BOKATAN,"Leader,Mandalorian,Scoundrel",2,7,1.0,5.0,,68.0,False,False,False,https://swgoh.gg/p/955978779/unit/BOKATAN/,https://game-assets.swgoh.gg/textures/tex.charui_bokatan.png
955978779,characters,Sabine Wren,SABINEWRENS3,"Mandalorian,Phoenix,Rebel",2,7,1.0,5.0,,68.0,False,False,False,https://swgoh.gg/p/955978779/unit/SABINEWRENS3/,https://game-assets.swgoh.gg/textures/tex.charui_sabine_s3.png
955978779,characters,Amilyn Holdo,AMILYNHOLDO,"Resistance,Fleet Commander",2,7,1.0,5.0,,68.0,False,False,False,https://swgoh.gg/p/955978779/unit/AMILYNHOLDO/,https://game-assets.swgoh.gg/textures/tex.charui_holdo.png
955978779,characters,Visas Marr,VISASMARR,Unaligned Force User,2,7,1.0,5.0,,68.0,False,False,False,https://swgoh.gg/p/955978779/unit/VISASMARR/,https://game-assets.swgoh.gg/textures/tex.charui_visas.png
955978779,characters,Captain Phasma,PHASMA,"Leader,First Order",3,7,1.0,5.0,,68.0,False,False,False,https://swgoh.gg/p/955978779/unit/PHASMA/,https://game-assets.swgoh.gg/textures/tex.charui_phasma.png
955978779,characters,Logray,LOGRAY,Ewok,2,7,1.0,5.0,,68.0,False,False,False,https://swgoh.gg/p/955978779/unit/LOGRAY/,https://game-assets.swgoh.gg/textures/tex.charui_ewok_logray.png
955978779,characters,Rose Tico,ROSETICO,Resistance,2,7,1.0,5.0,,68.0,False,False,False,https://swgoh.gg/p/955978779/unit/ROSETICO/,https://game-assets.swgoh.gg/textures/tex.charui_rose.png
955978779,characters,Hera Syndulla,HERASYNDULLAS3,"Leader,Phoenix,Rebel",2,7,1.0,5.0,,68.0,False,False,False,https://swgoh.gg/p/955978779/unit/HERASYNDULLAS3/,https://game-assets.swgoh.gg/textures/tex.charui_hera_s3.png
955978779,characters,"CC-2224 ""Cody""",CC2224,"Leader,Clone Trooper,Galactic Republic",2,7,1.0,5.0,,68.0,False,False,False,https://swgoh.gg/p/955978779/unit/CC2224/,https://game-assets.swgoh.gg/textures/tex.charui_trooperclone_cody.png
955978779,characters,Kyle Katarn,KYLEKATARN,"Jedi,Mercenary,New Republic,Rebel,Rebel Fighter",2,7,1.0,5.0,,68.0,False,False,False,https://swgoh.gg/p/955978779/unit/KYLEKATARN/,https://game-assets.swgoh.gg/textures/tex.charui_kylekatarn.png
955978779,characters,Gamorrean Guard,GAMORREANGUARD,"Hutt Cartel,Scoundrel",3,7,1.0,5.0,,67.0,False,False,False,https://swgoh.gg/p/955978779/unit/GAMORREANGUARD/,https://game-assets.swgoh.gg/textures/tex.charui_gamorreanguard.png
955978779,characters,Greef Karga,GREEFKARGA,"Leader,Bounty Hunter,Scoundrel",2,7,2.0,1.0,,61.0,False,False,False,https://swgoh.gg/p/955978779/unit/GREEFKARGA/,https://game-assets.swgoh.gg/textures/tex.charui_greefkarga.png
955978779,characters,Nightsister Initiate,NIGHTSISTERINITIATE,Nightsister,3,7,1.0,5.0,,67.0,False,False,False,https://swgoh.gg/p/955978779/unit/NIGHTSISTERINITIATE/,https://game-assets.swgoh.gg/textures/tex.charui_nightsister_initiate.png
955978779,characters,Royal Guard,ROYALGUARD,Empire,3,7,1.0,5.0,,68.0,False,False,False,https://swgoh.gg/p/955978779/unit/ROYALGUARD/,https://game-assets.swgoh.gg/textures/tex.charui_royalguard.png
955978779,characters,Tusken Warrior,TUSKENHUNTRESS,Tusken,3,7,2.0,2.0,,63.0,False,False,False,https://swgoh.gg/p/955978779/unit/TUSKENHUNTRESS/,https://game-assets.swgoh.gg/textures/tex.charui_tuskenhuntress.png
955978779,characters,Death Trooper,DEATHTROOPER,"Empire,Imperial Remnant,Imperial Trooper",3,7,,6.0,,66.0,False,False,False,https://swgoh.gg/p/955978779/unit/DEATHTROOPER/,https://game-assets.swgoh.gg/textures/tex.charui_trooperdeath.png
955978779,characters,Cal Kestis,CALKESTIS,Unaligned Force User,2,7,2.0,2.0,,62.0,False,False,False,https://swgoh.gg/p/955978779/unit/CALKESTIS/,https://game-assets.swgoh.gg/textures/tex.charui_calkestis.png
955978779,characters,Darth Traya,DARTHTRAYA,"Leader,Sith",3,7,2.0,1.0,,61.0,False,False,False,https://swgoh.gg/p/955978779/unit/DARTHTRAYA/,https://game-assets.swgoh.gg/textures/tex.charui_traya.png
955978779,characters,First Order Stormtrooper,FIRSTORDERTROOPER,First Order,3,7,1.0,5.0,,67.0,False,False,False,https://swgoh.gg/p/955978779/unit/FIRSTORDERTROOPER/,https://game-assets.swgoh.gg/textures/tex.charui_firstordertrooper.png
955978779,characters,Tarfful,TARFFUL,"Leader,Wookiee",2,7,2.0,1.0,,61.0,False,False,False,https://swgoh.gg/p/955978779/unit/TARFFUL/,https://game-assets.swgoh.gg/textures/tex.charui_tarfful.png
955978779,characters,Embo,EMBO,"Leader,Bounty Hunter,Hutt Cartel,Mercenary,Scoundrel",3,7,2.0,1.0,,61.0,False,False,False,https://swgoh.gg/p/955978779/unit/EMBO/,https://game-assets.swgoh.gg/textures/tex.charui_embo.png
955978779,characters,T3-M4,T3_M4,"Droid,Old Republic",2,7,2.0,1.0,,61.0,False,False,False,https://swgoh.gg/p/955978779/unit/T3_M4/,https://game-assets.swgoh.gg/textures/tex.charui_t3m4.png
955978779,characters,Wedge Antilles,WEDGEANTILLES,"Leader,Rebel,Rebel Fighter",2,7,,6.0,,70.0,False,False,False,https://swgoh.gg/p/955978779/unit/WEDGEANTILLES/,https://game-assets.swgoh.gg/textures/tex.charui_rebelpilot_wedge.png
955978779,characters,Cassian Andor (Undercover),CASSIANUNDERCOVER,"Leader,Rebel,Rebel Fighter",2,5,3.0,2.0,,57.0,False,False,False,https://swgoh.gg/p/955978779/unit/CASSIANUNDERCOVER/,https://game-assets.swgoh.gg/textures/tex.charui_cassianundercover.png
955978779,characters,Cad Bane,CADBANE,"Leader,Bounty Hunter,Hutt Cartel,Mercenary,Scoundrel",3,7,,5.0,,68.0,False,False,False,https://swgoh.gg/p/955978779/unit/CADBANE/,https://game-assets.swgoh.gg/textures/tex.charui_cadbane.png
955978779,characters,Kanan Jarrus,KANANJARRUSS3,"Jedi,Phoenix,Rebel",2,7,,6.0,,65.0,False,False,False,https://swgoh.gg/p/955978779/unit/KANANJARRUSS3/,https://game-assets.swgoh.gg/textures/tex.charui_kanan_s3.png
955978779,characters,Vandor Chewbacca,YOUNGCHEWBACCA,"Mercenary,Scoundrel,Smuggler,Wookiee",2,7,,6.0,,65.0,False,False,False,https://swgoh.gg/p/955978779/unit/YOUNGCHEWBACCA/,https://game-assets.swgoh.gg/textures/tex.charui_chewbacca_vandor.png
955978779,characters,Omega,BADBATCHOMEGA,"Bad Batch,Clone Trooper",2,7,,6.0,,61.0,False,False,False,https://swgoh.gg/p/955978779/unit/BADBATCHOMEGA/,https://game-assets.swgoh.gg/textures/tex.charui_badbatchomega.png
955978779,characters,Young Han Solo,YOUNGHAN,"Mercenary,Scoundrel,Smuggler",2,7,,6.0,,65.0,False,False,False,https://swgoh.gg/p/955978779/unit/YOUNGHAN/,https://game-assets.swgoh.gg/textures/tex.charui_han_young.png
955978779,characters,Nute Gunray,NUTEGUNRAY,"Leader,Scoundrel,Separatist",3,7,1.0,3.0,,63.0,False,False,False,https://swgoh.gg/p/955978779/unit/NUTEGUNRAY/,https://game-assets.swgoh.gg/textures/tex.charui_nutegunray.png
955978779,characters,Saw Gerrera,SAWGERRERA,"Leader,Rebel,Rebel Fighter",2,7,,6.0,,61.0,False,False,False,https://swgoh.gg/p/955978779/unit/SAWGERRERA/,https://game-assets.swgoh.gg/textures/tex.charui_sawgerrera.png
955978779,characters,Coruscant Underworld Police,CORUSCANTUNDERWORLDPOLICE,"Constable,Galactic Republic",2,7,,6.0,,70.0,False,False,False,https://swgoh.gg/p/955978779/unit/CORUSCANTUNDERWORLDPOLICE/,https://game-assets.swgoh.gg/textures/tex.charui_coruscantpolice.png
955978779,characters,Scarif Rebel Pathfinder,SCARIFREBEL,"Rebel,Rebel Fighter,Rogue One",2,7,,6.0,,70.0,False,False,False,https://swgoh.gg/p/955978779/unit/SCARIFREBEL/,https://game-assets.swgoh.gg/textures/tex.charui_rebel_scarif.png
955978779,characters,Ki-Adi-Mundi,KIADIMUNDI,"Galactic Republic,Jedi",2,7,1.0,3.0,,63.0,False,False,False,https://swgoh.gg/p/955978779/unit/KIADIMUNDI/,https://game-assets.swgoh.gg/textures/tex.charui_kiadimundi.png
955978779,characters,Sana Starros,SANASTARROS,"Leader,Mercenary,Pirate,Scoundrel,Smuggler,Order 66 Raid",2,7,,6.0,,63.0,False,False,False,https://swgoh.gg/p/955978779/unit/SANASTARROS/,https://game-assets.swgoh.gg/textures/tex.charui_sanastarros.png
955978779,characters,Luke Skywalker (Farmboy),LUKESKYWALKER,"Leader,Rebel",2,7,2.0,1.0,,60.0,False,False,False,https://swgoh.gg/p/955978779/unit/LUKESKYWALKER/,https://game-assets.swgoh.gg/textures/tex.charui_luke_ep4.png
955978779,characters,Jedi Consular,JEDIKNIGHTCONSULAR,"Galactic Republic,Jedi,Jedi Vanguard,Order 66 Raid",2,7,,6.0,,69.0,False,False,False,https://swgoh.gg/p/955978779/unit/JEDIKNIGHTCONSULAR/,https://game-assets.swgoh.gg/textures/tex.charui_jedi_consular_03.png
955978779,characters,Clone Sergeant - Phase I,CLONESERGEANTPHASEI,"Clone Trooper,Galactic Republic",2,7,,6.0,,69.0,False,False,False,https://swgoh.gg/p/955978779/unit/CLONESERGEANTPHASEI/,https://game-assets.swgoh.gg/textures/tex.charui_trooperclonegreen.png
955978779,characters,Snowtrooper Commander,REMNANTSNOWCOMMANDER,"Leader,Empire,Imperial Remnant,Imperial Trooper",3,7,1.0,2.0,,62.0,False,False,False,https://swgoh.gg/p/955978779/unit/REMNANTSNOWCOMMANDER/,https://game-assets.swgoh.gg/textures/tex.charui_remnantsnowcommander.png
955978779,characters,Lobot,LOBOT,"Leader,Constable,Rebel",2,7,,5.0,,66.0,False,False,False,https://swgoh.gg/p/955978779/unit/LOBOT/,https://game-assets.swgoh.gg/textures/tex.charui_lobot.png
955978779,characters,Baze Malbus,BAZEMALBUS,"Rebel,Rebel Fighter,Rogue One",2,7,,5.0,,66.0,False,False,False,https://swgoh.gg/p/955978779/unit/BAZEMALBUS/,https://game-assets.swgoh.gg/textures/tex.charui_bazemalbus.png
955978779,characters,Kit Fisto,KITFISTO,"Leader,Galactic Republic,Jedi,Jedi Vanguard,Order 66 Raid",2,7,,5.0,,67.0,False,False,False,https://swgoh.gg/p/955978779/unit/KITFISTO/,https://game-assets.swgoh.gg/textures/tex.charui_kitfisto.png
955978779,characters,K-2SO,K2SO,"Droid,Rebel,Rebel Fighter,Rogue One",2,7,1.0,3.0,,63.0,False,False,False,https://swgoh.gg/p/955978779/unit/K2SO/,https://game-assets.swgoh.gg/textures/tex.charui_k2so.png
955978779,characters,Chief Chirpa,CHIEFCHIRPA,"Leader,Ewok",2,7,1.0,3.0,,63.0,False,False,False,https://swgoh.gg/p/955978779/unit/CHIEFCHIRPA/,https://game-assets.swgoh.gg/textures/tex.charui_ewok_chirpa.png
955978779,characters,Paploo,PAPLOO,Ewok,2,7,1.0,3.0,,62.0,False,False,False,https://swgoh.gg/p/955978779/unit/PAPLOO/,https://game-assets.swgoh.gg/textures/tex.charui_ewok_paploo.png
955978779,characters,Princess Leia,PRINCESSLEIA,"Leader,Rebel",2,7,1.0,3.0,,62.0,False,False,False,https://swgoh.gg/p/955978779/unit/PRINCESSLEIA/,https://game-assets.swgoh.gg/textures/tex.charui_leia_princess.png
955978779,characters,Ima-Gun Di,IMAGUNDI,"Leader,Galactic Republic,Jedi,Jedi Vanguard,Order 66 Raid",2,7,,5.0,,67.0,False,False,False,https://swgoh.gg/p/955978779/unit/IMAGUNDI/,https://game-assets.swgoh.gg/textures/tex.charui_imagundi.png
955978779,characters,KX Security Droid,KXSECURITYDROID,"Droid,Empire,ISB",3,7,1.0,3.0,,62.0,False,False,False,https://swgoh.gg/p/955978779/unit/KXSECURITYDROID/,https://game-assets.swgoh.gg/textures/tex.charui_kxsecuritydroid.png
955978779,characters,STAP,STAP,"Droid,Separatist",3,7,1.0,3.0,,62.0,False,False,False,https://swgoh.gg/p/955978779/unit/STAP/,https://game-assets.swgoh.gg/textures/tex.charui_stap.png
955978779,characters,Carth Onasi,CARTHONASI,"Leader,Old Republic",2,7,1.0,3.0,,62.0,False,False,False,https://swgoh.gg/p/955978779/unit/CARTHONASI/,https://game-assets.swgoh.gg/textures/tex.charui_carth.png
955978779,characters,IG-11,IG11,"Droid,Scoundrel",2,7,1.0,3.0,,62.0,False,False,False,https://swgoh.gg/p/955978779/unit/IG11/,https://game-assets.swgoh.gg/textures/tex.charui_ig11_nurse.png
955978779,characters,Poe Dameron,POE,"Leader,Resistance",2,7,,5.0,,66.0,False,False,False,https://swgoh.gg/p/955978779/unit/POE/,https://game-assets.swgoh.gg/textures/tex.charui_poe.png
955978779,characters,Rotta the Hutt,RACCOON,"Leader,Hutt Cartel",2,5,3.0,1.0,,52.0,False,False,False,https://swgoh.gg/p/955978779/unit/RACCOON/,https://game-assets.swgoh.gg/textures/tex.charui_rotta.png
955978779,characters,Canderous Ordo,CANDEROUSORDO,"Mandalorian,Mercenary,Old Republic,Scoundrel",3,7,,5.0,,62.0,False,False,False,https://swgoh.gg/p/955978779/unit/CANDEROUSORDO/,https://game-assets.swgoh.gg/textures/tex.charui_canderous.png
955978779,characters,Zam Wesell,ZAMWESELL,"Leader,Bounty Hunter,Mercenary,Scoundrel",3,7,1.0,1.0,,59.0,False,False,False,https://swgoh.gg/p/955978779/unit/ZAMWESELL/,https://game-assets.swgoh.gg/textures/tex.charui_zamwesell.png
955978779,characters,Bistan,BISTAN,"Rebel,Rebel Fighter,Rogue One",2,7,,5.0,,66.0,False,False,False,https://swgoh.gg/p/955978779/unit/BISTAN/,https://game-assets.swgoh.gg/textures/tex.charui_bistan.png
955978779,characters,Maul (Hate-Fueled),MAULHATEFUELED,Unaligned Force User,3,4,3.0,1.0,,54.0,False,False,False,https://swgoh.gg/p/955978779/unit/MAULHATEFUELED/,https://game-assets.swgoh.gg/textures/tex.charui_maulhatefueled.png
955978779,characters,Wrecker,BADBATCHWRECKER,"Bad Batch,Clone Trooper,Galactic Republic",2,7,,5.0,,61.0,False,False,False,https://swgoh.gg/p/955978779/unit/BADBATCHWRECKER/,https://game-assets.swgoh.gg/textures/tex.charui_bb_wrecker.png
955978779,characters,Captain Han Solo,HOTHHAN,"Rebel,Scoundrel",2,7,,5.0,,61.0,False,False,False,https://swgoh.gg/p/955978779/unit/HOTHHAN/,https://game-assets.swgoh.gg/textures/tex.charui_hoth_han.png
955978779,characters,Echo,BADBATCHECHO,"Bad Batch,Clone Trooper,Galactic Republic",2,7,,5.0,,61.0,False,False,False,https://swgoh.gg/p/955978779/unit/BADBATCHECHO/,https://game-assets.swgoh.gg/textures/tex.charui_bb_echo.png
955978779,characters,Tech,BADBATCHTECH,"Bad Batch,Clone Trooper,Galactic Republic",2,7,,5.0,,61.0,False,False,False,https://swgoh.gg/p/955978779/unit/BADBATCHTECH/,https://game-assets.swgoh.gg/textures/tex.charui_bb_tech.png
955978779,characters,Talia,TALIA,"Leader,Nightsister",3,7,,5.0,,65.0,False,False,False,https://swgoh.gg/p/955978779/unit/TALIA/,https://game-assets.swgoh.gg/textures/tex.charui_nightsister_talia.png
955978779,characters,Hunter,BADBATCHHUNTER,"Leader,Bad Batch,Clone Trooper,Galactic Republic",2,7,,5.0,,61.0,False,False,False,https://swgoh.gg/p/955978779/unit/BADBATCHHUNTER/,https://game-assets.swgoh.gg/textures/tex.charui_bb_hunter.png
955978779,characters,Lando Calrissian,ADMINISTRATORLANDO,"Leader,Rebel,Rebel Fighter,Scoundrel",2,7,,5.0,,66.0,False,False,False,https://swgoh.gg/p/955978779/unit/ADMINISTRATORLANDO/,https://game-assets.swgoh.gg/textures/tex.charui_landobespin.png
955978779,characters,Eeth Koth,EETHKOTH,"Leader,Galactic Republic,Jedi,Jedi Vanguard,Order 66 Raid",2,7,,5.0,,65.0,False,False,False,https://swgoh.gg/p/955978779/unit/EETHKOTH/,https://game-assets.swgoh.gg/textures/tex.charui_eethkoth.png
955978779,characters,Dedra Meero,DEDRAMEERO,"Empire,ISB",3,6,1.0,4.0,,60.0,False,False,False,https://swgoh.gg/p/955978779/unit/DEDRAMEERO/,https://game-assets.swgoh.gg/textures/tex.charui_dedrameero.png
955978779,characters,TIE Fighter Pilot,TIEFIGHTERPILOT,"Empire,Imperial Remnant",3,7,,5.0,,66.0,False,False,False,https://swgoh.gg/p/955978779/unit/TIEFIGHTERPILOT/,https://game-assets.swgoh.gg/textures/tex.charui_tiepilot.png
955978779,characters,0-0-0,TRIPLEZERO,"Droid,Scoundrel",3,7,,5.0,,61.0,False,False,False,https://swgoh.gg/p/955978779/unit/TRIPLEZERO/,https://game-assets.swgoh.gg/textures/tex.charui_triplezero.png
955978779,characters,Tusken Shaman,TUSKENSHAMAN,Tusken,3,7,,5.0,,66.0,False,False,False,https://swgoh.gg/p/955978779/unit/TUSKENSHAMAN/,https://game-assets.swgoh.gg/textures/tex.charui_tuskenshaman.png
955978779,characters,Darth Sion,DARTHSION,Sith,3,7,1.0,1.0,,59.0,False,False,False,https://swgoh.gg/p/955978779/unit/DARTHSION/,https://game-assets.swgoh.gg/textures/tex.charui_sion.png
955978779,characters,Stormtrooper Luke,STORMTROOPERLUKE,"Leader,Rebel",2,7,,4.0,,56.0,False,False,False,https://swgoh.gg/p/955978779/unit/STORMTROOPERLUKE/,https://game-assets.swgoh.gg/textures/tex.charui_stormtrooperluke.png
955978779,characters,Range Trooper,RANGETROOPER,"Empire,Imperial Trooper",3,7,,5.0,,66.0,False,False,False,https://swgoh.gg/p/955978779/unit/RANGETROOPER/,https://game-assets.swgoh.gg/textures/tex.charui_trooperranger.png
955978779,characters,Tusken Raider,TUSKENRAIDER,Tusken,3,7,,3.0,,62.0,False,False,False,https://swgoh.gg/p/955978779/unit/TUSKENRAIDER/,https://game-assets.swgoh.gg/textures/tex.charui_tuskenraider.png
955978779,characters,First Order Officer,FIRSTORDEROFFICERMALE,First Order,3,7,,5.0,,66.0,False,False,False,https://swgoh.gg/p/955978779/unit/FIRSTORDEROFFICERMALE/,https://game-assets.swgoh.gg/textures/tex.charui_firstorderofficer.png
955978779,characters,First Order Executioner,FIRSTORDEREXECUTIONER,First Order,3,7,,5.0,,65.0,False,False,False,https://swgoh.gg/p/955978779/unit/FIRSTORDEREXECUTIONER/,https://game-assets.swgoh.gg/textures/tex.charui_firstorder_executioner.png
955978779,characters,Chirrut Îmwe,CHIRRUTIMWE,"Rebel,Rebel Fighter,Rogue One",2,7,,4.0,,63.0,False,False,False,https://swgoh.gg/p/955978779/unit/CHIRRUTIMWE/,https://game-assets.swgoh.gg/textures/tex.charui_chirrut.png
955978779,characters,Kleya Marki,KLEYA,"Rebel,Rebel Fighter",2,7,1.0,2.0,,60.0,False,False,False,https://swgoh.gg/p/955978779/unit/KLEYA/,https://game-assets.swgoh.gg/textures/tex.charui_kleya.png
955978779,characters,First Order TIE Pilot,FIRSTORDERTIEPILOT,First Order,3,7,1.0,3.0,,61.0,False,False,False,https://swgoh.gg/p/955978779/unit/FIRSTORDERTIEPILOT/,https://game-assets.swgoh.gg/textures/tex.charui_firstordertiepilot.png
955978779,characters,Snowtrooper,SNOWTROOPER,"Empire,Imperial Trooper,Imperial Remnant",3,7,,5.0,,65.0,False,False,False,https://swgoh.gg/p/955978779/unit/SNOWTROOPER/,https://game-assets.swgoh.gg/textures/tex.charui_troopersnow.png
955978779,characters,"Garazeb ""Zeb"" Orrelios",ZEBS3,"Rebel,Phoenix",2,7,1.0,2.0,,60.0,False,False,False,https://swgoh.gg/p/955978779/unit/ZEBS3/,https://game-assets.swgoh.gg/textures/tex.charui_zeb_s3.png
955978779,characters,Hunter (Mercenary),HUNTERS3,"Bad Batch,Mercenary,Order 66 Raid",2,7,1.0,1.0,,59.0,False,False,False,https://swgoh.gg/p/955978779/unit/HUNTERS3/,https://game-assets.swgoh.gg/textures/tex.charui_hunters3.png
955978779,characters,First Order SF TIE Pilot,FIRSTORDERSPECIALFORCESPILOT,First Order,3,7,,5.0,,65.0,False,False,False,https://swgoh.gg/p/955978779/unit/FIRSTORDERSPECIALFORCESPILOT/,https://game-assets.swgoh.gg/textures/tex.charui_firstorder_pilot.png
955978779,characters,Director Krennic,DIRECTORKRENNIC,"Leader,Empire,ISB",3,7,,4.0,,58.0,False,False,False,https://swgoh.gg/p/955978779/unit/DIRECTORKRENNIC/,https://game-assets.swgoh.gg/textures/tex.charui_krennic.png
955978779,characters,Hoth Rebel Soldier,HOTHREBELSOLDIER,"Rebel,Rebel Fighter",2,7,,5.0,,65.0,False,False,False,https://swgoh.gg/p/955978779/unit/HOTHREBELSOLDIER/,https://game-assets.swgoh.gg/textures/tex.charui_rebelhoth.png
955978779,characters,Resistance Trooper,RESISTANCETROOPER,Resistance,2,7,,5.0,,65.0,False,False,False,https://swgoh.gg/p/955978779/unit/RESISTANCETROOPER/,https://game-assets.swgoh.gg/textures/tex.charui_resistancetrooper.png
955978779,characters,Hoth Rebel Scout,HOTHREBELSCOUT,"Rebel,Rebel Fighter",2,7,,5.0,,65.0,False,False,False,https://swgoh.gg/p/955978779/unit/HOTHREBELSCOUT/,https://game-assets.swgoh.gg/textures/tex.charui_rebelhothscout.png
955978779,characters,Crosshair (Scarred),CROSSHAIRS3,"Bad Batch,Order 66 Raid",2,7,1.0,2.0,,59.0,False,False,False,https://swgoh.gg/p/955978779/unit/CROSSHAIRS3/,https://game-assets.swgoh.gg/textures/tex.charui_crosshair_scarred.png
955978779,characters,Resistance Pilot,RESISTANCEPILOT,Resistance,2,7,,5.0,,65.0,False,False,False,https://swgoh.gg/p/955978779/unit/RESISTANCEPILOT/,https://game-assets.swgoh.gg/textures/tex.charui_resistancepilot.png
955978779,characters,URoRRuR'R'R,URORRURRR,"Leader,Tusken",3,7,,4.0,,63.0,False,False,False,https://swgoh.gg/p/955978779/unit/URORRURRR/,https://game-assets.swgoh.gg/textures/tex.charui_urorrurrr.png
955978779,characters,Stormtrooper,STORMTROOPER,"Empire,Imperial Remnant,Imperial Trooper",3,7,1.0,2.0,,60.0,False,False,False,https://swgoh.gg/p/955978779/unit/STORMTROOPER/,https://game-assets.swgoh.gg/textures/tex.charui_trooperstorm.png
955978779,characters,Asajj Ventress (Dark Disciple),ASAJJDARKDISCIPLE,"Leader,Bounty Hunter,Nightsister,Unaligned Force User",3,6,1.0,2.0,,56.0,False,False,False,https://swgoh.gg/p/955978779/unit/ASAJJDARKDISCIPLE/,https://game-assets.swgoh.gg/textures/tex.charui_asajjdarkdisciple.png
955978779,characters,Sun Fac,SUNFAC,"Geonosian,Separatist",3,7,,3.0,,62.0,False,False,False,https://swgoh.gg/p/955978779/unit/SUNFAC/,https://game-assets.swgoh.gg/textures/tex.charui_geonosian_sunfac.png
955978779,characters,Inquisitor Barriss,INQUISITORBARRISS,"Leader,Empire,Inquisitorius,Unaligned Force User",3,6,1.0,2.0,,56.0,False,False,False,https://swgoh.gg/p/955978779/unit/INQUISITORBARRISS/,https://game-assets.swgoh.gg/textures/tex.charui_inquisitorbarriss.png
955978779,characters,Poggle the Lesser,POGGLETHELESSER,"Leader,Geonosian,Separatist",3,7,,3.0,,61.0,False,False,False,https://swgoh.gg/p/955978779/unit/POGGLETHELESSER/,https://game-assets.swgoh.gg/textures/tex.charui_geonosian_poggle.png
955978779,characters,Juhani,JUHANI,"Jedi,Old Republic",2,7,1.0,1.0,,58.0,False,False,False,https://swgoh.gg/p/955978779/unit/JUHANI/,https://game-assets.swgoh.gg/textures/tex.charui_juhani.png
955978779,characters,Geonosian Spy,GEONOSIANSPY,"Geonosian,Separatist",3,7,,3.0,,61.0,False,False,False,https://swgoh.gg/p/955978779/unit/GEONOSIANSPY/,https://game-assets.swgoh.gg/textures/tex.charui_geonosian_spy.png
955978779,characters,Cara Dune,CARADUNE,"Constable,Mercenary,New Republic,Rebel,Rebel Fighter,Scoundrel",2,7,1.0,1.0,,58.0,False,False,False,https://swgoh.gg/p/955978779/unit/CARADUNE/,https://game-assets.swgoh.gg/textures/tex.charui_caradune.png
955978779,characters,Zuckuss,ZUCKUSS,"Leader,Bounty Hunter,Scoundrel,Unaligned Force User",3,7,,2.0,,55.0,False,False,False,https://swgoh.gg/p/955978779/unit/ZUCKUSS/,https://game-assets.swgoh.gg/textures/tex.charui_zuckuss.png
955978779,characters,4-LOM,4LOM,"Leader,Bounty Hunter,Droid,Scoundrel",3,7,,2.0,,55.0,False,False,False,https://swgoh.gg/p/955978779/unit/4LOM/,https://game-assets.swgoh.gg/textures/tex.charui_4lom.png
955978779,characters,Gar Saxon,GARSAXON,"Leader,Empire,Mandalorian",3,7,1.0,1.0,,57.0,False,False,False,https://swgoh.gg/p/955978779/unit/GARSAXON/,https://game-assets.swgoh.gg/textures/tex.charui_gar_saxon.png
955978779,characters,Kix,KIX,"Clone Trooper,Pirate,Scoundrel,Order 66 Raid",2,7,,4.0,,54.0,False,False,False,https://swgoh.gg/p/955978779/unit/KIX/,https://game-assets.swgoh.gg/textures/tex.charui_kix.png
955978779,characters,Teebo,TEEBO,"Leader,Ewok",2,7,,3.0,,61.0,False,False,False,https://swgoh.gg/p/955978779/unit/TEEBO/,https://game-assets.swgoh.gg/textures/tex.charui_ewok_teebo.png
955978779,characters,Major Partagaz,MAJORPARTAGAZ,"Leader,Empire,ISB",3,6,1.0,3.0,,57.0,False,False,False,https://swgoh.gg/p/955978779/unit/MAJORPARTAGAZ/,https://game-assets.swgoh.gg/textures/tex.charui_majorpartagaz.png
955978779,characters,Batcher,BATCHERS3,"Bad Batch,Order 66 Raid",2,7,1.0,1.0,,57.0,False,False,False,https://swgoh.gg/p/955978779/unit/BATCHERS3/,https://game-assets.swgoh.gg/textures/tex.charui_batcher.png
955978779,characters,Wrecker (Mercenary),WRECKERS3,"Bad Batch,Mercenary,Order 66 Raid",2,7,,3.0,,53.0,False,False,False,https://swgoh.gg/p/955978779/unit/WRECKERS3/,https://game-assets.swgoh.gg/textures/tex.charui_wreckers3.png
955978779,characters,Chopper,CHOPPERS3,"Droid,New Republic,Phoenix,Rebel,Spectre",2,7,,3.0,,60.0,False,False,False,https://swgoh.gg/p/955978779/unit/CHOPPERS3/,https://game-assets.swgoh.gg/textures/tex.charui_chopper.png
955978779,characters,Veteran Smuggler Han Solo,SMUGGLERHAN,"Mercenary,Resistance,Scoundrel,Smuggler",2,7,,3.0,,56.0,False,False,False,https://swgoh.gg/p/955978779/unit/SMUGGLERHAN/,https://game-assets.swgoh.gg/textures/tex.charui_tfa_han.png
955978779,characters,Nightsister Zombie,NIGHTSISTERZOMBIE,Nightsister,3,7,,3.0,,59.0,False,False,False,https://swgoh.gg/p/955978779/unit/NIGHTSISTERZOMBIE/,https://game-assets.swgoh.gg/textures/tex.charui_nightsisters_zombie.png
955978779,characters,Wicket,WICKET,Ewok,2,7,,3.0,,56.0,False,False,False,https://swgoh.gg/p/955978779/unit/WICKET/,https://game-assets.swgoh.gg/textures/tex.charui_ewok_wicket.png
955978779,characters,Admiral Ackbar,ADMIRALACKBAR,"Leader,Rebel,Fleet Commander",2,7,,3.0,,59.0,False,False,False,https://swgoh.gg/p/955978779/unit/ADMIRALACKBAR/,https://game-assets.swgoh.gg/textures/tex.charui_ackbaradmiral.png
955978779,characters,Geonosian Soldier,GEONOSIANSOLDIER,"Geonosian,Separatist",3,7,,3.0,,60.0,False,False,False,https://swgoh.gg/p/955978779/unit/GEONOSIANSOLDIER/,https://game-assets.swgoh.gg/textures/tex.charui_geonosian_soldier.png
955978779,characters,Stormtrooper Han,STORMTROOPERHAN,"Leader,Rebel,Scoundrel",2,7,1.0,,,55.0,False,False,False,https://swgoh.gg/p/955978779/unit/STORMTROOPERHAN/,https://game-assets.swgoh.gg/textures/tex.charui_trooperstorm_han.png
955978779,characters,Nightsister Spirit,NIGHTSISTERSPIRIT,Nightsister,3,7,,3.0,,59.0,False,False,False,https://swgoh.gg/p/955978779/unit/NIGHTSISTERSPIRIT/,https://game-assets.swgoh.gg/textures/tex.charui_nightsisters_wraith.png
955978779,characters,Zaalbar,ZAALBAR,"Mercenary,Old Republic,Scoundrel,Wookiee",2,7,1.0,,,54.0,False,False,False,https://swgoh.gg/p/955978779/unit/ZAALBAR/,https://game-assets.swgoh.gg/textures/tex.charui_zaalbar.png
955978779,characters,Biggs Darklighter,BIGGSDARKLIGHTER,"Rebel,Rebel Fighter",2,7,,3.0,,59.0,False,False,False,https://swgoh.gg/p/955978779/unit/BIGGSDARKLIGHTER/,https://game-assets.swgoh.gg/textures/tex.charui_rebelpilot_biggs.png
955978779,characters,Nightsister Acolyte,NIGHTSISTERACOLYTE,Nightsister,3,7,,3.0,,59.0,False,False,False,https://swgoh.gg/p/955978779/unit/NIGHTSISTERACOLYTE/,https://game-assets.swgoh.gg/textures/tex.charui_nightsister_acolyte.png
955978779,characters,Cinta Kaz,CINTA,"Rebel,Rebel Fighter",2,6,1.0,2.0,,54.0,False,False,False,https://swgoh.gg/p/955978779/unit/CINTA/,https://game-assets.swgoh.gg/textures/tex.charui_cinta.png
955978779,characters,Mob Enforcer,HUMANTHUG,"Hutt Cartel,Scoundrel",3,7,,3.0,,59.0,False,False,False,https://swgoh.gg/p/955978779/unit/HUMANTHUG/,https://game-assets.swgoh.gg/textures/tex.charui_mob_enforcer.png
955978779,characters,Vel Sartha,VEL,"Rebel,Rebel Fighter",2,6,1.0,2.0,,50.0,False,False,False,https://swgoh.gg/p/955978779/unit/VEL/,https://game-assets.swgoh.gg/textures/tex.charui_vel.png
955978779,characters,Yoda & Chewie,YODACHEWBACCA,"Galactic Republic,Jedi,Wookiee",2,7,,2.0,,53.0,False,False,False,https://swgoh.gg/p/955978779/unit/YODACHEWBACCA/,https://game-assets.swgoh.gg/textures/tex.charui_yodachewbacca.png
955978779,characters,Imperial Probe Droid,IMPERIALPROBEDROID,"Droid,Empire,ISB",3,7,,1.0,,52.0,False,False,False,https://swgoh.gg/p/955978779/unit/IMPERIALPROBEDROID/,https://game-assets.swgoh.gg/textures/tex.charui_probedroid.png
955978779,characters,Pao,PAO,"Rebel,Rebel Fighter,Rogue One",2,7,,1.0,,52.0,False,False,False,https://swgoh.gg/p/955978779/unit/PAO/,https://game-assets.swgoh.gg/textures/tex.charui_pao.png
955978779,characters,Padawan Obi-Wan,PADAWANOBIWAN,"Galactic Republic,Jedi",2,7,,1.0,,52.0,False,False,False,https://swgoh.gg/p/955978779/unit/PADAWANOBIWAN/,https://game-assets.swgoh.gg/textures/tex.charui_padawanobiwan.png
955978779,characters,Imperial Super Commando,IMPERIALSUPERCOMMANDO,"Empire,Mandalorian",3,7,,1.0,,55.0,False,False,False,https://swgoh.gg/p/955978779/unit/IMPERIALSUPERCOMMANDO/,https://game-assets.swgoh.gg/textures/tex.charui_imperial_super_commando.png
955978779,characters,Cere Junda,CEREJUNDA,"Leader,Scoundrel,Unaligned Force User",2,7,,1.0,,48.0,False,False,False,https://swgoh.gg/p/955978779/unit/CEREJUNDA/,https://game-assets.swgoh.gg/textures/tex.charui_cerejunda.png
955978779,characters,Darth Vader (Duel's End),VADERDUELSEND,"Empire,Sith",3,7,,1.0,,48.0,False,False,False,https://swgoh.gg/p/955978779/unit/VADERDUELSEND/,https://game-assets.swgoh.gg/textures/tex.charui_vaderduelsend.png
955978779,characters,Mission Vao,MISSIONVAO,"Mercenary,Old Republic,Scoundrel",2,7,,1.0,,55.0,False,False,False,https://swgoh.gg/p/955978779/unit/MISSIONVAO/,https://game-assets.swgoh.gg/textures/tex.charui_mission.png
955978779,characters,Dark Trooper,DARKTROOPER,"Droid,Empire,Imperial Remnant,Imperial Trooper",3,7,,1.0,,51.0,False,False,False,https://swgoh.gg/p/955978779/unit/DARKTROOPER/,https://game-assets.swgoh.gg/textures/tex.charui_darktrooper.png
955978779,characters,L3-37,L3_37,"Droid,Mercenary,Scoundrel,Smuggler",2,7,,1.0,,51.0,False,False,False,https://swgoh.gg/p/955978779/unit/L3_37/,https://game-assets.swgoh.gg/textures/tex.charui_l337.png
955978779,characters,Queen Amidala,QUEENAMIDALA,"Leader,Galactic Republic",2,7,,1.0,,47.0,False,False,False,https://swgoh.gg/p/955978779/unit/QUEENAMIDALA/,https://game-assets.swgoh.gg/textures/tex.charui_queenamidala.png
955978779,characters,Bodhi Rook,BODHIROOK,"Rebel,Rebel Fighter,Rogue One",2,7,,1.0,,51.0,False,False,False,https://swgoh.gg/p/955978779/unit/BODHIROOK/,https://game-assets.swgoh.gg/textures/tex.charui_bodhi.png
955978779,characters,Master Qui-Gon,MASTERQUIGON,"Galactic Republic,Jedi",2,7,,1.0,,51.0,False,False,False,https://swgoh.gg/p/955978779/unit/MASTERQUIGON/,https://game-assets.swgoh.gg/textures/tex.charui_masterquigon.png
955978779,characters,Taron Malicos,TARONMALICOS,Unaligned Force User,3,7,,1.0,,45.0,False,False,False,https://swgoh.gg/p/955978779/unit/TARONMALICOS/,https://game-assets.swgoh.gg/textures/tex.charui_taronmalicos.png
955978779,characters,Doctor Aphra,DOCTORAPHRA,"Leader,Mercenary,Scoundrel",3,7,,1.0,,44.0,False,False,False,https://swgoh.gg/p/955978779/unit/DOCTORAPHRA/,https://game-assets.swgoh.gg/textures/tex.charui_doctoraphra.png
955978779,characters,Shoretrooper,SHORETROOPER,"Empire,Imperial Trooper",3,7,,1.0,,54.0,False,False,False,https://swgoh.gg/p/955978779/unit/SHORETROOPER/,https://game-assets.swgoh.gg/textures/tex.charui_troopershore.png
955978779,characters,Luthen Rael,LUTHENRAEL,"Rebel,Rebel Fighter",2,7,,1.0,,50.0,False,False,False,https://swgoh.gg/p/955978779/unit/LUTHENRAEL/,https://game-assets.swgoh.gg/textures/tex.charui_luthenrael.png
955978779,characters,IG-86 Sentinel Droid,IG86SENTINELDROID,Droid,3,7,,1.0,,53.0,False,False,False,https://swgoh.gg/p/955978779/unit/IG86SENTINELDROID/,https://game-assets.swgoh.gg/textures/tex.charui_ig86.png
955978779,characters,Admiral Trench,TRENCH,"Leader,Separatist",3,7,,1.0,,43.0,False,False,False,https://swgoh.gg/p/955978779/unit/TRENCH/,https://game-assets.swgoh.gg/textures/tex.charui_admiraltrench.png
955978779,characters,Magmatrooper,MAGMATROOPER,"Empire,Imperial Trooper",3,7,,,,51.0,False,False,False,https://swgoh.gg/p/955978779/unit/MAGMATROOPER/,https://game-assets.swgoh.gg/textures/tex.charui_trooperstorm_magma.png
955978779,characters,Clone Wars Chewbacca,CLONEWARSCHEWBACCA,"Leader,Galactic Republic,Scoundrel,Wookiee",2,7,,,,46.0,False,False,False,https://swgoh.gg/p/955978779/unit/CLONEWARSCHEWBACCA/,https://game-assets.swgoh.gg/textures/tex.charui_chewbacca.png
955978779,characters,Ugnaught,UGNAUGHT,,2,7,,,,49.0,False,False,False,https://swgoh.gg/p/955978779/unit/UGNAUGHT/,https://game-assets.swgoh.gg/textures/tex.charui_ugnaught.png
955978779,characters,Jedi Knight Guardian,JEDIKNIGHTGUARDIAN,"Galactic Republic,Jedi,Jedi Vanguard,Order 66 Raid",2,7,,,,48.0,False,False,False,https://swgoh.gg/p/955978779/unit/JEDIKNIGHTGUARDIAN/,https://game-assets.swgoh.gg/textures/tex.charui_jedi_guardian_01.png
955978779,characters,IG-90,IG90,"Leader,Bounty Hunter,Droid,Scoundrel",3,5,,1.0,,43.0,False,False,False,https://swgoh.gg/p/955978779/unit/IG90/,https://game-assets.swgoh.gg/textures/tex.charui_ig-90.png
955978779,characters,Grogu & Anzellans,GOPHERANTS,"Mandalorian,New Republic,Unaligned Force User",2,5,,,,40.0,False,False,False,https://swgoh.gg/p/955978779/unit/GOPHERANTS/,https://game-assets.swgoh.gg/textures/tex.charui_groguanz.png
955978779,characters,R5-D4,R5D4,"Droid,New Republic,Rebel,Rebel Fighter",2,5,,,,39.0,False,False,False,https://swgoh.gg/p/955978779/unit/R5D4/,https://game-assets.swgoh.gg/textures/tex.charui_r5d4.png
955978779,characters,Zeb Orrelios (New Republic Pilot),RANGERZEB,New Republic,2,5,,,,36.0,False,False,False,https://swgoh.gg/p/955978779/unit/RANGERZEB/,https://game-assets.swgoh.gg/textures/tex.charui_rangerzeb.png
955978779,characters,Captain Carson Teva,CARSONTEVA,"Leader,Constable,New Republic,Rebel",2,5,,,,39.0,False,False,False,https://swgoh.gg/p/955978779/unit/CARSONTEVA/,https://game-assets.swgoh.gg/textures/tex.charui_carsonteva.png
955978779,characters,Colonel Ward,BISHOP,New Republic,2,5,,,,38.0,False,False,False,https://swgoh.gg/p/955978779/unit/BISHOP/,https://game-assets.swgoh.gg/textures/tex.charui_colonelward.png
955978779,characters,Mara Jade Skywalker,MARAJADESKYWALKER,"Jedi,New Republic",2,5,,,,14.0,False,False,False,https://swgoh.gg/p/955978779/unit/MARAJADESKYWALKER/,https://game-assets.swgoh.gg/textures/tex.charui_marajadeskywalker.png
955978779,characters,Yoda (Dark Side Vision),YODADSV,Sith,3,5,,,,10.0,False,False,False,https://swgoh.gg/p/955978779/unit/YODADSV/,https://game-assets.swgoh.gg/textures/tex.charui_yodadsv.png
955978779,ships,Scythe,SCYTHE,"Empire,Inquisitorius,Unaligned Force User",3,7,3.0,8.0,85,82.0,False,False,False,https://swgoh.gg/p/955978779/unit/SCYTHE/,https://game-assets.swgoh.gg/textures/tex.charui_grandinquisitor.png
955978779,ships,Han's Millennium Falcon,MILLENNIUMFALCON,"Rebel,Scoundrel,Cargo Ship",2,7,1.0,8.0,85,83.0,False,False,False,https://swgoh.gg/p/955978779/unit/MILLENNIUMFALCON/,https://game-assets.swgoh.gg/textures/tex.charui_han.png
955978779,ships,Rey's Millennium Falcon,MILLENNIUMFALCONEP7,"Resistance,Cargo Ship",2,7,1.0,8.0,85,82.0,False,False,False,https://swgoh.gg/p/955978779/unit/MILLENNIUMFALCONEP7/,https://game-assets.swgoh.gg/textures/tex.charui_reyjakku.png
955978779,ships,Hound's Tooth,HOUNDSTOOTH,"Bounty Hunter,Scoundrel,Cargo Ship",3,7,2.0,8.0,85,87.0,False,False,False,https://swgoh.gg/p/955978779/unit/HOUNDSTOOTH/,https://game-assets.swgoh.gg/textures/tex.charui_bossk.png
955978779,ships,TIE Advanced x1,TIEADVANCED,"Empire,Sith",3,7,3.0,7.0,85,82.0,False,False,False,https://swgoh.gg/p/955978779/unit/TIEADVANCED/,https://game-assets.swgoh.gg/textures/tex.charui_vader.png
955978779,ships,Cassian's U-wing,UWINGROGUEONE,"Rebel,Rogue One",2,7,2.0,8.0,85,75.0,False,False,False,https://swgoh.gg/p/955978779/unit/UWINGROGUEONE/,https://game-assets.swgoh.gg/textures/tex.charui_cassian.png
955978779,ships,Emperor's Shuttle,EMPERORSSHUTTLE,"Empire,Sith",3,7,2.0,7.0,85,75.0,False,False,False,https://swgoh.gg/p/955978779/unit/EMPERORSSHUTTLE/,https://game-assets.swgoh.gg/textures/tex.charui_palpatineemperor.png
955978779,ships,Ahsoka Tano's Jedi Starfighter,JEDISTARFIGHTERAHSOKATANO,"Galactic Republic,Jedi",2,7,1.0,9.0,85,91.0,False,False,False,https://swgoh.gg/p/955978779/unit/JEDISTARFIGHTERAHSOKATANO/,https://game-assets.swgoh.gg/textures/tex.charui_ahsoka.png
955978779,ships,Slave I,SLAVE1,"Bounty Hunter,Scoundrel,Cargo Ship",3,7,1.0,8.0,85,86.0,False,False,False,https://swgoh.gg/p/955978779/unit/SLAVE1/,https://game-assets.swgoh.gg/textures/tex.charui_bobafett.png
955978779,ships,TIE Silencer,TIESILENCER,First Order,3,7,2.0,7.0,85,82.0,False,False,False,https://swgoh.gg/p/955978779/unit/TIESILENCER/,https://game-assets.swgoh.gg/textures/tex.charui_kylo_unmasked.png
955978779,ships,Kylo Ren's Command Shuttle,COMMANDSHUTTLE,First Order,3,7,1.0,7.0,85,73.0,False,False,False,https://swgoh.gg/p/955978779/unit/COMMANDSHUTTLE/,https://game-assets.swgoh.gg/textures/tex.charui_kyloren.png
955978779,ships,Razor Crest,RAZORCREST,"Bounty Hunter,Cargo Ship,Scoundrel",2,7,2.0,7.0,85,81.0,False,False,False,https://swgoh.gg/p/955978779/unit/RAZORCREST/,https://game-assets.swgoh.gg/textures/tex.charui_mandobeskar.png
955978779,ships,Umbaran Starfighter,UMBARANSTARFIGHTER,"Galactic Republic,Clone Trooper",2,7,2.0,7.0,85,81.0,False,False,False,https://swgoh.gg/p/955978779/unit/UMBARANSTARFIGHTER/,https://game-assets.swgoh.gg/textures/tex.charui_trooperclone_fives.png
955978779,ships,Fury-class Interceptor,FURYCLASSINTERCEPTOR,"Sith,Sith Empire",3,7,2.0,7.0,85,82.0,False,False,False,https://swgoh.gg/p/955978779/unit/FURYCLASSINTERCEPTOR/,https://game-assets.swgoh.gg/textures/tex.charui_darthmalgus.png
955978779,ships,TIE/IN Interceptor Prototype,TIEINTERCEPTOR,"Empire,Inquisitorius",3,7,1.0,7.0,85,81.0,False,False,False,https://swgoh.gg/p/955978779/unit/TIEINTERCEPTOR/,https://game-assets.swgoh.gg/textures/tex.charui_secondsister.png
955978779,ships,Phantom II,PHANTOM2,"Rebel,Phoenix,Cargo Ship",2,7,1.0,5.0,85,71.0,False,False,False,https://swgoh.gg/p/955978779/unit/PHANTOM2/,https://game-assets.swgoh.gg/textures/tex.charui_sabine_s3.png
955978779,ships,Punishing One,PUNISHINGONE,"Bounty Hunter,Scoundrel",3,7,1.0,7.0,85,80.0,False,False,False,https://swgoh.gg/p/955978779/unit/PUNISHINGONE/,https://game-assets.swgoh.gg/textures/tex.charui_dengar.png
955978779,ships,Rex's ARC-170,ARC170REX,"Galactic Republic,Clone Trooper",2,7,1.0,7.0,85,80.0,False,False,False,https://swgoh.gg/p/955978779/unit/ARC170REX/,https://game-assets.swgoh.gg/textures/tex.charui_trooperclone_rex.png
955978779,ships,Outrider,OUTRIDER,"Cargo Ship,Rebel,Scoundrel,Smuggler",2,7,1.0,7.0,85,79.0,False,False,False,https://swgoh.gg/p/955978779/unit/OUTRIDER/,https://game-assets.swgoh.gg/textures/tex.charui_dashrendar.png
955978779,ships,Ghost,GHOST,"Rebel,Phoenix,Cargo Ship",2,7,1.0,5.0,85,67.0,False,False,False,https://swgoh.gg/p/955978779/unit/GHOST/,https://game-assets.swgoh.gg/textures/tex.charui_hera_s3.png
955978779,ships,TIE Dagger,TIEDAGGER,"First Order,Sith",3,7,1.0,7.0,85,80.0,False,False,False,https://swgoh.gg/p/955978779/unit/TIEDAGGER/,https://game-assets.swgoh.gg/textures/tex.charui_firstorder_sithtrooper.png
955978779,ships,Plo Koon's Jedi Starfighter,BLADEOFDORIN,"Galactic Republic,Jedi",2,7,,8.0,85,85.0,False,False,False,https://swgoh.gg/p/955978779/unit/BLADEOFDORIN/,https://game-assets.swgoh.gg/textures/tex.charui_plokoon.png
955978779,ships,Anakin's Eta-2 Starfighter,JEDISTARFIGHTERANAKIN,"Galactic Republic,Jedi",2,7,1.0,7.0,85,80.0,False,False,False,https://swgoh.gg/p/955978779/unit/JEDISTARFIGHTERANAKIN/,https://game-assets.swgoh.gg/textures/tex.charui_anakinknight.png
955978779,ships,Ebon Hawk,EBONHAWK,"Old Republic,Cargo Ship",2,7,1.0,3.0,85,64.0,False,False,False,https://swgoh.gg/p/955978779/unit/EBONHAWK/,https://game-assets.swgoh.gg/textures/tex.charui_carth.png
955978779,ships,MG-100 StarFortress SF-17,MG100STARFORTRESSSF17,Resistance,2,7,1.0,5.0,85,69.0,False,False,False,https://swgoh.gg/p/955978779/unit/MG100STARFORTRESSSF17/,https://game-assets.swgoh.gg/textures/tex.charui_rose.png
955978779,ships,Scimitar,SITHINFILTRATOR,Sith,3,7,1.0,7.0,85,79.0,False,False,False,https://swgoh.gg/p/955978779/unit/SITHINFILTRATOR/,https://game-assets.swgoh.gg/textures/tex.charui_maul.png
955978779,ships,Comeuppance,COMEUPPANCE,"Resistance,Scoundrel,Smuggler",2,7,2.0,5.0,85,73.0,False,False,False,https://swgoh.gg/p/955978779/unit/COMEUPPANCE/,https://game-assets.swgoh.gg/textures/tex.charui_zoriibliss.png
955978779,ships,Bistan's U-wing,UWINGSCARIF,"Rebel,Rogue One",2,7,,5.0,85,70.0,False,False,False,https://swgoh.gg/p/955978779/unit/UWINGSCARIF/,https://game-assets.swgoh.gg/textures/tex.charui_bistan.png
955978779,ships,Marauder,MARAUDER,"Clone Trooper,Galactic Republic",2,7,,5.0,85,64.0,False,False,False,https://swgoh.gg/p/955978779/unit/MARAUDER/,https://game-assets.swgoh.gg/textures/tex.charui_bb_tech.png
955978779,ships,Lando's Millennium Falcon,MILLENNIUMFALCONPRISTINE,"Scoundrel,Cargo Ship",2,7,1.0,6.0,85,64.0,False,False,False,https://swgoh.gg/p/955978779/unit/MILLENNIUMFALCONPRISTINE/,https://game-assets.swgoh.gg/textures/tex.charui_younglando.png
955978779,ships,TIE Defender,TIEDEFENDER,Empire,3,7,1.0,6.0,85,75.0,False,False,False,https://swgoh.gg/p/955978779/unit/TIEDEFENDER/,https://game-assets.swgoh.gg/textures/tex.charui_idenversioempire.png
955978779,ships,TIE Reaper,TIEREAPER,Empire,3,7,,6.0,85,63.0,False,False,False,https://swgoh.gg/p/955978779/unit/TIEREAPER/,https://game-assets.swgoh.gg/textures/tex.charui_trooperdeath.png
955978779,ships,Mark VI Interceptor,SITHSUPREMACYCLASS,"Sith,Sith Empire",3,7,,7.0,85,78.0,False,False,False,https://swgoh.gg/p/955978779/unit/SITHSUPREMACYCLASS/,https://game-assets.swgoh.gg/textures/tex.charui_sithtrooper.png
955978779,ships,IG-2000,IG2000,"Bounty Hunter,Scoundrel,Droid",3,7,1.0,5.0,85,71.0,False,False,False,https://swgoh.gg/p/955978779/unit/IG2000/,https://game-assets.swgoh.gg/textures/tex.charui_ig88.png
955978779,ships,Sith Fighter,SITHFIGHTER,"Sith,Sith Empire",3,7,,7.0,85,78.0,False,False,False,https://swgoh.gg/p/955978779/unit/SITHFIGHTER/,https://game-assets.swgoh.gg/textures/tex.charui_sithassassin.png
955978779,ships,Rebel B-wing,BWINGREBEL,Rebel,2,5,2.0,7.0,85,68.0,False,False,False,https://swgoh.gg/p/955978779/unit/BWINGREBEL/,https://game-assets.swgoh.gg/textures/tex.charui_captaindrogan.png
955978779,ships,B-28 Extinction-class Bomber,SITHBOMBER,"Sith,Sith Empire",3,7,,7.0,85,77.0,False,False,False,https://swgoh.gg/p/955978779/unit/SITHBOMBER/,https://game-assets.swgoh.gg/textures/tex.charui_sithmarauder.png
955978779,ships,Raven's Claw,RAVENSCLAW,"Jedi,Rebel",2,7,1.0,5.0,85,71.0,False,False,False,https://swgoh.gg/p/955978779/unit/RAVENSCLAW/,https://game-assets.swgoh.gg/textures/tex.charui_kylekatarn.png
955978779,ships,Gauntlet Starfighter,GAUNTLETSTARFIGHTER,Empire,3,7,1.0,1.0,85,60.0,False,False,False,https://swgoh.gg/p/955978779/unit/GAUNTLETSTARFIGHTER/,https://game-assets.swgoh.gg/textures/tex.charui_gar_saxon.png
955978779,ships,Wedge Antilles's X-wing,XWINGRED2,Rebel,2,7,,6.0,85,73.0,False,False,False,https://swgoh.gg/p/955978779/unit/XWINGRED2/,https://game-assets.swgoh.gg/textures/tex.charui_rebelpilot_wedge.png
955978779,ships,Xanadu Blood,XANADUBLOOD,"Bounty Hunter,Scoundrel",3,7,,5.0,85,71.0,False,False,False,https://swgoh.gg/p/955978779/unit/XANADUBLOOD/,https://game-assets.swgoh.gg/textures/tex.charui_cadbane.png
955978779,ships,Jedi Consular's Starfighter,JEDISTARFIGHTERCONSULAR,"Galactic Republic,Jedi",2,7,,6.0,85,72.0,False,False,False,https://swgoh.gg/p/955978779/unit/JEDISTARFIGHTERCONSULAR/,https://game-assets.swgoh.gg/textures/tex.charui_jedi_consular_03.png
955978779,ships,Clone Sergeant's ARC-170,ARC170CLONESERGEANT,"Galactic Republic,Clone Trooper",2,7,,6.0,85,72.0,False,False,False,https://swgoh.gg/p/955978779/unit/ARC170CLONESERGEANT/,https://game-assets.swgoh.gg/textures/tex.charui_trooperclonegreen.png
955978779,ships,Rogue One,ROGUEONESHIP,"Cargo Ship,Rebel,Rogue One",2,7,,1.0,85,55.0,False,False,False,https://swgoh.gg/p/955978779/unit/ROGUEONESHIP/,https://game-assets.swgoh.gg/textures/tex.charui_bodhi.png
955978779,ships,Poe Dameron's X-wing,XWINGBLACKONE,Resistance,2,7,,5.0,85,69.0,False,False,False,https://swgoh.gg/p/955978779/unit/XWINGBLACKONE/,https://game-assets.swgoh.gg/textures/tex.charui_poe.png
955978779,ships,Imperial TIE Fighter,TIEFIGHTERIMPERIAL,Empire,3,7,,5.0,85,69.0,False,False,False,https://swgoh.gg/p/955978779/unit/TIEFIGHTERIMPERIAL/,https://game-assets.swgoh.gg/textures/tex.charui_tiepilot.png
955978779,ships,TIE Echelon,FIRSTORDERTIEECHELON,First Order,3,7,,5.0,85,68.0,False,False,False,https://swgoh.gg/p/955978779/unit/FIRSTORDERTIEECHELON/,https://game-assets.swgoh.gg/textures/tex.charui_firstorderofficer.png
955978779,ships,First Order TIE Fighter,TIEFIGHTERFIRSTORDER,First Order,3,7,1.0,3.0,85,64.0,False,False,False,https://swgoh.gg/p/955978779/unit/TIEFIGHTERFIRSTORDER/,https://game-assets.swgoh.gg/textures/tex.charui_firstordertiepilot.png
955978779,ships,First Order SF TIE Fighter,TIEFIGHTERFOSF,First Order,3,7,,5.0,85,68.0,False,False,False,https://swgoh.gg/p/955978779/unit/TIEFIGHTERFOSF/,https://game-assets.swgoh.gg/textures/tex.charui_firstorder_pilot.png
955978779,ships,Resistance X-wing,XWINGRESISTANCE,Resistance,2,7,,5.0,85,68.0,False,False,False,https://swgoh.gg/p/955978779/unit/XWINGRESISTANCE/,https://game-assets.swgoh.gg/textures/tex.charui_resistancepilot.png
955978779,ships,Sun Fac's Geonosian Starfighter,GEONOSIANSTARFIGHTER1,"Separatist,Geonosian",3,7,,3.0,85,65.0,False,False,False,https://swgoh.gg/p/955978779/unit/GEONOSIANSTARFIGHTER1/,https://game-assets.swgoh.gg/textures/tex.charui_geonosian_sunfac.png
955978779,ships,Geonosian Spy's Starfighter,GEONOSIANSTARFIGHTER3,"Separatist,Geonosian",3,7,,3.0,85,64.0,False,False,False,https://swgoh.gg/p/955978779/unit/GEONOSIANSTARFIGHTER3/,https://game-assets.swgoh.gg/textures/tex.charui_geonosian_spy.png
955978779,ships,Geonosian Soldier's Starfighter,GEONOSIANSTARFIGHTER2,"Separatist,Geonosian",3,7,,3.0,85,63.0,False,False,False,https://swgoh.gg/p/955978779/unit/GEONOSIANSTARFIGHTER2/,https://game-assets.swgoh.gg/textures/tex.charui_geonosian_soldier.png
955978779,ships,Biggs Darklighter's X-wing,XWINGRED3,Rebel,2,7,,3.0,85,63.0,False,False,False,https://swgoh.gg/p/955978779/unit/XWINGRED3/,https://game-assets.swgoh.gg/textures/tex.charui_rebelpilot_biggs.png
955978779,ships,BTL-B Y-wing Starfighter,YWINGCLONEWARS,Galactic Republic,2,7,,,85,100.0,False,False,False,https://swgoh.gg/p/955978779/unit/YWINGCLONEWARS/,https://game-assets.swgoh.gg/textures/tex.charui_ywing_btlb.png
955978779,ships,Hyena Bomber,HYENABOMBER,"Separatist,Droid",3,7,,,85,100.0,False,False,False,https://swgoh.gg/p/955978779/unit/HYENABOMBER/,https://game-assets.swgoh.gg/textures/tex.charui_hyenabomber.png
955978779,ships,Imperial TIE Bomber,TIEBOMBERIMPERIAL,Empire,3,7,,,85,100.0,False,False,False,https://swgoh.gg/p/955978779/unit/TIEBOMBERIMPERIAL/,https://game-assets.swgoh.gg/textures/tex.charui_tiebomber.png
955978779,ships,Rebel Y-wing,YWINGREBEL,Rebel,2,7,,,85,100.0,False,False,False,https://swgoh.gg/p/955978779/unit/YWINGREBEL/,https://game-assets.swgoh.gg/textures/tex.charui_ywing.png
955978779,ships,Vulture Droid,VULTUREDROID,"Separatist,Droid",3,7,,,85,100.0,False,False,False,https://swgoh.gg/p/955978779/unit/VULTUREDROID/,https://game-assets.swgoh.gg/textures/tex.charui_vulturedroid.png
955978779,ships,Leviathan,CAPITALLEVIATHAN,"Capital Ship,Sith,Sith Empire",3,7,3.0,9.0,85,92.0,False,False,True,https://swgoh.gg/p/955978779/unit/CAPITALLEVIATHAN/,https://game-assets.swgoh.gg/textures/tex.charui_sithrevan.png
955978779,ships,Executrix,CAPITALSTARDESTROYER,"Capital Ship,Empire",3,7,2.0,9.0,85,88.0,False,False,True,https://swgoh.gg/p/955978779/unit/CAPITALSTARDESTROYER/,https://game-assets.swgoh.gg/textures/tex.charui_tarkinadmiral.png
955978779,ships,Negotiator,CAPITALNEGOTIATOR,"Capital Ship,Galactic Republic,Jedi",2,7,1.0,9.0,85,92.0,False,False,True,https://swgoh.gg/p/955978779/unit/CAPITALNEGOTIATOR/,https://game-assets.swgoh.gg/textures/tex.charui_obiwangeneral.png
955978779,ships,Executor,CAPITALEXECUTOR,"Capital Ship,Empire",3,7,2.0,8.0,85,85.0,False,False,True,https://swgoh.gg/p/955978779/unit/CAPITALEXECUTOR/,https://game-assets.swgoh.gg/textures/tex.charui_piett.png
955978779,ships,Profundity,CAPITALPROFUNDITY,"Capital Ship,Rebel",2,6,2.0,9.0,85,82.0,False,False,True,https://swgoh.gg/p/955978779/unit/CAPITALPROFUNDITY/,https://game-assets.swgoh.gg/textures/tex.charui_admiralraddus.png
955978779,ships,Chimaera,CAPITALCHIMAERA,"Capital Ship,Empire",3,7,2.0,7.0,85,81.0,False,False,True,https://swgoh.gg/p/955978779/unit/CAPITALCHIMAERA/,https://game-assets.swgoh.gg/textures/tex.charui_thrawn.png
955978779,ships,Malevolence,CAPITALMALEVOLENCE,"Capital Ship,Droid,Separatist",3,7,2.0,7.0,85,81.0,False,False,True,https://swgoh.gg/p/955978779/unit/CAPITALMALEVOLENCE/,https://game-assets.swgoh.gg/textures/tex.charui_grievous.png
955978779,ships,Endurance,CAPITALJEDICRUISER,"Capital Ship,Galactic Republic,Jedi",2,7,3.0,5.0,85,75.0,False,False,True,https://swgoh.gg/p/955978779/unit/CAPITALJEDICRUISER/,https://game-assets.swgoh.gg/textures/tex.charui_macewindu.png
955978779,ships,Finalizer,CAPITALFINALIZER,"Capital Ship,First Order",3,7,1.0,5.0,85,71.0,False,False,True,https://swgoh.gg/p/955978779/unit/CAPITALFINALIZER/,https://game-assets.swgoh.gg/textures/tex.charui_generalhux.png
955978779,ships,Raddus,CAPITALRADDUS,"Capital Ship,Resistance",2,7,1.0,5.0,85,70.0,False,False,True,https://swgoh.gg/p/955978779/unit/CAPITALRADDUS/,https://game-assets.swgoh.gg/textures/tex.charui_holdo.png
955978779,ships,Home One,CAPITALMONCALAMARICRUISER,"Capital Ship,Rebel",2,7,,3.0,85,62.0,False,False,True,https://swgoh.gg/p/955978779/unit/CAPITALMONCALAMARICRUISER/,https://game-assets.swgoh.gg/textures/tex.charui_ackbaradmiral.png
